1,2,3,4,5,6,7,8,9,10,11,12,13,14,15,16,17,18,19,20,21,22,23,24,25,26,27,28,29,30,31,32,33,34,35,36,37,38,39,40,41,42,43,44,45,46,47,48,49,50,51,52,53,54,55,56,57,58,59,60,61,62,63,64,65,66,67,68,69,70,71,72,73,74,75,76,77,78,79,80,ѹ��
0.375000000,0.287974684,0.573839662,0.427742616,0.379219409,0.464662447,0.602848101,0.575421941,0.693565401,0.907172996,0.605485232,0.883966245,0.587552743,0.686708861,0.510021097,0.286392405,0.524261603,0.661392405,0.143987342,0.506856540,0.634493671,0.891350211,0.790084388,0.640822785,0.288502110,0.555379747,0.504746835,0.359177215,0.214135021,0.429324895,0.371308017,0.382911392,0.459651899,0.390031646,0.775316456,0.812763713,0.749472574,0.455696203,0.722573840,0.629746835,0.444092827,0.361286920,0.407700422,0.641350211,0.503164557,0.744725738,0.618143460,0.421940928,0.446729958,0.510021097,0.579641350,0.811708861,0.566983122,0.538502110,0.420358650,0.319092827,0.735759494,0.731540084,0.491033755,0.217827004,0.473101266,0.976793249,0.630274262,0.656645570,0.392405063,0.265822785,0.339662447,0.420886076,0.281645570,0.465189873,0.581223629,0.742616034,0.624472574,0.550632911,0.552742616,0.473101266,0.679852321,0.820938819,0.983386076,0.583333333,6
0.791666667,0.791666667,0.540084388,0.585443038,0.593354430,0.372890295,0.752109705,0.891350211,0.973628692,0.821598101,0.497494726,0.295358650,0.656118143,0.308016878,0.569092827,0.442510549,0.407172996,0.787974684,0.937895570,0.946598101,0.955300633,0.981012658,1.000000000,1.000000000,0.997890295,0.963080169,0.928270042,0.893459916,0.891350211,0.774261603,0.323312236,0.741033755,0.837552743,0.889767932,0.933544304,0.938291139,0.884493671,0.988924051,0.719936709,0.406645570,0.406645570,0.656645570,0.772151899,0.981012658,0.762658228,0.476793249,0.602320675,0.736814346,0.184071730,0.671413502,0.290084388,0.546413502,0.847046414,0.939873418,0.960838608,0.673655063,0.272020042,0.554324895,0.563818565,0.461497890,0.864451477,0.794831224,0.326476793,0.603902954,0.911392405,1.000000000,1.000000000,1.000000000,1.000000000,1.000000000,1.000000000,1.000000000,1.000000000,1.000000000,1.000000000,0.972573840,0.978902954,0.859440928,0.492352321,0.083333333,16
0.250000000,0.436181435,0.304324895,0.137658228,0.222046414,0.360759494,0.507911392,0.404535865,0.369725738,0.104957806,0.145042194,0.145042194,0.207805907,0.226265823,0.219936709,0.136075949,0.057489451,0.367616034,0.456751055,0.372362869,0.459915612,0.368143460,0.147151899,0.317510549,0.423523207,0.504746835,0.221518987,0.246835443,0.165611814,0.245253165,0.269514768,0.309599156,0.353902954,0.157700422,0.141877637,0.073312236,0.331751055,0.319620253,0.530063291,0.267405063,0.385021097,0.492616034,0.474156118,0.273734177,0.050632911,0.286919831,0.357067511,0.390295359,0.512130802,0.330168776,0.108122363,0.201476793,0.238924051,0.327531646,0.432489451,0.361286920,0.353902954,0.363924051,0.477320675,0.373417722,0.090717300,0.289556962,0.492616034,0.520569620,0.488396624,0.119198312,0.098628692,0.209388186,0.361286920,0.305907173,0.449367089,0.285337553,0.247362869,0.279535865,0.253691983,0.441983122,0.443565401,0.362341772,0.283227848,0.125000000,20
0.333333333,0.441983122,0.420886076,0.212552743,0.298523207,0.343881857,0.220991561,0.638185654,0.366033755,0.590189873,0.375527426,0.318565401,0.507911392,0.374472574,0.779535865,0.504746835,0.406118143,0.279535865,0.484704641,0.331223629,0.291139241,0.345464135,0.251582278,0.757911392,0.656645570,0.261075949,0.227320675,0.299050633,0.255274262,0.150843882,0.293248945,0.790611814,0.933544304,0.779535865,0.208333333,0.168248945,0.552215190,0.877637131,0.092827004,0.418248945,0.334388186,0.169831224,0.460970464,0.309599156,0.512658228,0.548523207,0.323839662,0.221518987,0.298523207,0.373945148,0.905590717,0.809599156,0.254219409,0.380801688,0.617088608,0.724156118,0.662974684,0.165084388,0.208333333,0.582805907,0.812763713,0.939345992,0.271624473,0.297995781,0.483649789,0.280063291,0.634493671,0.783227848,0.135021097,0.166666667,0.243670886,0.263713080,0.619198312,0.710443038,0.114451477,0.159810127,0.327004219,0.274261603,0.553797468,0.750000000,18
0.208333333,0.279008439,0.349683544,0.669831224,0.655063291,0.260021097,0.306434599,0.447784810,0.752637131,0.938818565,0.939873418,0.806434599,0.622362869,0.424050633,0.671413502,0.588080169,0.612869198,0.597046414,0.577531646,0.763185654,0.551160338,0.912974684,1.000000000,1.000000000,1.000000000,0.966244726,0.818565401,0.571202532,0.790611814,0.689082278,0.424050633,0.431962025,0.787974684,0.257911392,0.772151899,0.931962025,0.980485232,1.000000000,1.000000000,0.990506329,0.884493671,0.681962025,0.444092827,0.235759494,0.230485232,0.513185654,0.789029536,0.612341772,0.435654008,0.305379747,0.334388186,0.479430380,0.550105485,0.620780591,0.525316456,0.728639241,0.838739451,0.812236287,0.720464135,0.426160338,0.638185654,0.513713080,0.664556962,0.893196203,1.000000000,1.000000000,1.000000000,0.994643328,0.830135812,0.598628692,0.420094937,0.331751055,0.284282700,0.743670886,0.949894515,1.000000000,0.852848101,0.559994726,0.380274262,0.875000000,14
0.250000000,0.683016878,0.757911392,0.218354430,0.749472574,0.638713080,0.265822785,0.572784810,0.562236287,0.190400844,0.850738397,0.584915612,0.339662447,0.659282700,0.461497890,0.722573840,0.722573840,0.367088608,0.756856540,0.397679325,0.772679325,0.634229958,0.323312236,0.600210970,0.196729958,0.359704641,0.352320675,0.426160338,0.366561181,0.474156118,0.827004219,0.368143460,0.523206751,0.357594937,0.039556962,0.532700422,0.232594937,0.899261603,0.498417722,0.270569620,0.381856540,0.272679325,0.296413502,0.179324895,0.229957806,0.377109705,0.255801688,0.311181435,0.167194093,0.369725738,0.295358650,0.511603376,0.255801688,0.440400844,0.369198312,0.387658228,0.374472574,0.113396624,0.425105485,0.170358650,0.602848101,0.246308017,0.522679325,0.555907173,0.234704641,0.755801688,0.447257384,0.801687764,0.334915612,0.275843882,0.488924051,0.269514768,0.331487342,0.251054852,0.262130802,0.179852321,0.702004219,0.279535865,0.193037975,0.583333333,26
0.291666667,0.569092827,0.684071730,0.454113924,0.398734177,0.435654008,0.985232068,0.659282700,0.491561181,0.191983122,0.465189873,0.353375527,0.474683544,0.268459916,0.422468354,0.589135021,0.604430380,0.756329114,0.275316456,0.478375527,0.402426160,0.328586498,0.348628692,0.889767932,0.374472574,0.435126582,0.329641350,0.348628692,0.399261603,0.785337553,0.239451477,0.357067511,0.419303797,0.331223629,0.334915612,0.649261603,0.552215190,0.581751055,0.745253165,0.291139241,0.458860759,0.291666667,0.365506329,0.383966245,0.259493671,0.436708861,0.288238397,0.210970464,0.334388186,0.396097046,0.891877637,0.513185654,0.434071730,0.651371308,0.198839662,0.170886076,0.303270042,0.435126582,0.191455696,0.465717300,0.270569620,0.391350211,0.412447257,0.484177215,0.359177215,0.535337553,0.185126582,0.279008439,0.411919831,0.427742616,0.320675105,0.391877637,0.233649789,0.329113924,0.437236287,0.501582278,0.820675105,0.221518987,0.359704641,0.250000000,16
0.458333333,0.562236287,0.338080169,0.270569620,0.315400844,0.336497890,0.083333333,0.834915612,0.412974684,0.710443038,0.842299578,0.788502110,0.281645570,0.479957806,0.791139241,0.296940928,0.423523207,0.297468354,0.333860759,0.459915612,0.405590717,0.738396624,0.500527426,0.572257384,0.534810127,0.305907173,0.689873418,0.564873418,0.458860759,0.946202532,0.439345992,0.470991561,0.675105485,0.206223629,0.375000000,0.312763713,0.779008439,0.329641350,0.368143460,0.548523207,0.254746835,0.454641350,0.333333333,0.252109705,0.748417722,0.397151899,0.315400844,0.191455696,0.660864979,0.157172996,0.160337553,0.392405063,0.424578059,0.588080169,0.464662447,0.532700422,0.581223629,0.386075949,0.420358650,0.441455696,0.425105485,0.579641350,0.480485232,0.405590717,0.737341772,0.367088608,0.793248945,0.670886076,0.343881857,0.363396624,0.378164557,0.607594937,0.497890295,0.376054852,0.436181435,0.361814346,0.437763713,0.277953586,0.358649789,0.291666667,26
0.791666667,0.960443038,1.000000000,0.928270042,0.793248945,0.641350211,0.236286920,0.362341772,0.338080169,0.438818565,0.974683544,0.772151899,0.900316456,0.958333333,0.730485232,0.335970464,0.572257384,0.679852321,0.781118143,0.849683544,0.883438819,0.917194093,0.950949367,0.984704641,1.000000000,1.000000000,1.000000000,1.000000000,1.000000000,1.000000000,1.000000000,1.000000000,1.000000000,1.000000000,1.000000000,0.985232068,0.944620253,0.877109705,0.809599156,0.828850211,0.879483122,0.930116034,0.979694093,0.996571730,1.000000000,1.000000000,1.000000000,0.996835443,0.963080169,0.900316456,0.495253165,0.296413502,0.603375527,0.198312236,0.540084388,0.829113924,0.805379747,0.556434599,0.623945148,0.824367089,0.862341772,0.845464135,0.871308017,0.998417722,0.964662447,0.958333333,0.958333333,0.969936709,0.966772152,0.662974684,0.300105485,0.469409283,0.832278481,1.000000000,1.000000000,0.992088608,0.971782700,0.879219409,0.750000000,0.750000000,12
0.875000000,0.429324895,0.378164557,0.661392405,0.355485232,0.368143460,0.696729958,0.414556962,0.791666667,0.190400844,0.708333333,0.527426160,0.416666667,0.486286920,0.413502110,0.328059072,0.130274262,0.275843882,0.323839662,0.490506329,0.514240506,0.754746835,0.371835443,0.387658228,0.545358650,0.386603376,0.499472574,0.739451477,0.297995781,0.420886076,0.686708861,0.376054852,0.553270042,0.560126582,0.347046414,0.431962025,0.539029536,0.358122363,0.455696203,0.354430380,0.248945148,0.399261603,0.742088608,0.348628692,0.446202532,0.343354430,0.315928270,0.266877637,0.333333333,0.464135021,0.582805907,0.594936709,0.223628692,0.482067511,0.668248945,0.362869198,0.463607595,0.534810127,0.283227848,0.468354430,0.592299578,0.236814346,0.448312236,0.494725738,0.304852321,0.401898734,0.370253165,0.414556962,0.343354430,0.409810127,0.302742616,0.476265823,0.552742616,0.295886076,0.428797468,0.488924051,0.293776371,0.372890295,0.404008439,0.291666667,6
0.333333333,0.849683544,0.421413502,0.763713080,0.349683544,0.250000000,0.174050633,0.354430380,0.814345992,0.484704641,0.311181435,0.324367089,0.391350211,0.676687764,0.744725738,0.486814346,0.686708861,0.427215190,0.792721519,0.913502110,0.748945148,0.666666667,0.638185654,0.396097046,0.408227848,0.822257384,0.778481013,0.658227848,0.447784810,0.296940928,0.294831224,0.327531646,0.317510549,0.249472574,0.208333333,0.626582278,0.818565401,0.396624473,0.583597046,0.868143460,0.464662447,0.683016878,0.353902954,0.215717300,0.316455696,0.501054852,0.347837553,0.518987342,0.617616034,0.527426160,0.761603376,0.455168776,0.227848101,0.593881857,0.608122363,0.345464135,0.222046414,0.466772152,0.851265823,0.443037975,0.006329114,0.159282700,0.147151899,0.593090717,0.857594937,1.000000000,1.000000000,1.000000000,1.000000000,0.876100178,0.454723761,0.604957806,0.390822785,0.444092827,0.365506329,0.557489451,0.837025316,0.987341772,1.000000000,1.000000000,14
0.791666667,0.791666667,0.878428270,0.962025316,1.000000000,1.000000000,1.000000000,0.976496572,0.911672600,0.851793249,0.934862869,0.913370253,0.888449367,0.897943038,0.947784810,0.997626582,1.000000000,1.000000000,1.000000000,0.992088608,0.950553797,0.893459916,0.897679325,0.888185654,0.856540084,0.989451477,0.969409283,0.958333333,0.958333333,0.958333333,0.958333333,0.868143460,0.573839662,0.372890295,0.486814346,0.686181435,0.737869198,0.771097046,0.753691983,0.691983122,0.891350211,0.974683544,0.958860759,0.916666667,0.920358650,0.953586498,0.986814346,0.879746835,0.796413502,0.913502110,0.880274262,0.902953586,0.838607595,0.805379747,0.953059072,0.886603376,0.888713080,0.905327004,0.906118143,0.877109705,0.910337553,0.862869198,0.833333333,0.843354430,0.878164557,0.944620253,0.879219409,0.725738397,0.583333333,0.582278481,0.549050633,0.567510549,0.687763713,0.860232068,0.956223629,0.823312236,0.690400844,0.743143460,0.925105485,0.958333333,26
0.375000000,0.694092827,0.492352321,0.456751055,0.780063291,0.443829114,0.420886076,0.403481013,0.562763713,0.592299578,0.278481013,0.660864979,0.977848101,0.218354430,0.715717300,0.289556962,0.737869198,0.468881857,0.475210970,0.662447257,0.348628692,0.505801688,0.680379747,0.262130802,0.707805907,0.234177215,0.857067511,0.502900844,0.224683544,0.565928270,0.437763713,0.545886076,0.447257384,0.761075949,0.873154008,0.697257384,0.338607595,0.520042194,0.287974684,0.731012658,0.191983122,0.757383966,0.285337553,0.625527426,0.366033755,0.541139241,0.414556962,0.345991561,0.516350211,0.317510549,0.532172996,0.843354430,0.993670886,0.256329114,0.466244726,0.270042194,0.802742616,0.972046414,1.000000000,0.804588608,0.332674051,0.520569620,0.897679325,0.892932489,0.337025316,0.640295359,0.175105485,0.774261603,0.255801688,0.778481013,0.749472574,0.404535865,0.454641350,0.438818565,0.382383966,0.527426160,0.312763713,0.667721519,0.884757384,0.895833333,12
0.875000000,0.857858650,0.840717300,0.872362869,0.940928270,0.990506329,0.921940928,0.979957806,1.000000000,0.966244726,0.916666667,0.916666667,0.916666667,0.945675105,0.915084388,0.875000000,0.868143460,0.833860759,0.900843882,0.863924051,0.795358650,0.784810127,0.879219409,0.913502110,0.885548523,0.946202532,0.918248945,0.782700422,0.754746835,0.857594937,0.931962025,0.916139241,0.888713080,0.904008439,0.835443038,0.899789030,0.968354430,0.981540084,0.947257384,0.920358650,0.954641350,0.835970464,0.838080169,0.843354430,0.783227848,0.753164557,0.856012658,0.847046414,0.812763713,0.818037975,0.863396624,0.794831224,0.824367089,0.883966245,0.916666667,0.874472574,0.746835443,0.712552743,0.828586498,0.852320675,0.863924051,0.924578059,0.957278481,0.888713080,0.875000000,0.935126582,0.974683544,0.911392405,0.877109705,0.907172996,0.842299578,0.687236287,0.591772152,0.752637131,0.786919831,0.732594937,0.796940928,0.845464135,0.791666667,0.791666667,16
0.250000000,0.606012658,0.402426160,0.564873418,0.396097046,0.509493671,0.218881857,0.311708861,0.228902954,0.662710970,0.634493671,0.287974684,0.747362869,0.504746835,0.629746835,0.213080169,0.527426160,0.813291139,0.215717300,0.408227848,0.056434599,0.374472574,0.616561181,0.253691983,0.147151899,0.070675105,0.247362869,0.446729958,0.105485232,0.810126582,0.459915612,0.538502110,0.452267932,0.593354430,0.149261603,0.540875527,0.329245781,0.877637131,0.425632911,0.179324895,0.796413502,0.292721519,0.147679325,0.429852321,0.481012658,0.429324895,0.581751055,0.401371308,0.125000000,0.308544304,0.354430380,0.490506329,0.536392405,0.324894515,0.464135021,0.510284810,0.538502110,0.474156118,0.208333333,0.246308017,0.508438819,0.571729958,0.382383966,0.585443038,0.477848101,0.370253165,0.233649789,0.332805907,0.187763713,0.261075949,0.530063291,0.382383966,0.229957806,0.395569620,0.645569620,0.461497890,0.544303797,0.166666667,0.301160338,0.791666667,10
0.833333333,0.783227848,0.099683544,0.563291139,0.843881857,0.888185654,0.869198312,0.773206751,0.412447257,0.273206751,0.232067511,0.183016878,0.524789030,0.659282700,0.888185654,0.916666667,0.956223629,0.741033755,0.165611814,0.340717300,0.141350211,0.553797468,0.522679325,0.269514768,0.714662447,0.875000000,0.767405063,0.796940928,0.833333333,0.833333333,0.908227848,0.916666667,0.871835443,0.757383966,0.814345992,0.726265823,0.768459916,0.751054852,0.816455696,0.772151899,0.705696203,0.691455696,0.708333333,0.227320675,0.368670886,0.741033755,0.943565401,0.714662447,0.625000000,0.629219409,0.659810127,0.634493671,0.715189873,0.833333333,0.781118143,0.688291139,0.689345992,0.632383966,0.611286920,0.502637131,0.524789030,0.613396624,0.663502110,0.831223629,0.714135021,0.060654008,0.200949367,0.156645570,0.302215190,0.723628692,0.803797468,0.463607595,0.343354430,0.712552743,0.820147679,0.771097046,0.817510549,0.251054852,0.361814346,0.625000000,14
0.208333333,0.660601266,0.738396624,0.489451477,0.201476793,0.256329114,0.225738397,0.414556962,0.213080169,0.114451477,0.505801688,0.606012658,0.208333333,0.248945148,0.287447257,0.386075949,0.208333333,0.208333333,0.344936709,0.247890295,0.157700422,0.088080169,0.110759494,0.470464135,0.348101266,0.155063291,0.216244726,0.295886076,0.443565401,0.148206751,0.143459916,0.223628692,0.410864979,0.316455696,0.232067511,0.104430380,0.185654008,0.237341772,0.244725738,0.059599156,0.517405063,0.272679325,0.079641350,0.396097046,0.375000000,0.216772152,0.234704641,0.216244726,0.372890295,0.322257384,0.206751055,0.254219409,0.204113924,0.344936709,0.306962025,0.208860759,0.349683544,0.281118143,0.169831224,0.528481013,0.646624473,0.228902954,0.219409283,0.111814346,0.355485232,0.530063291,0.380801688,0.110232068,0.703059072,0.920358650,0.214662447,0.329113924,0.628691983,0.455696203,0.549050633,0.365506329,0.975738397,0.844936709,0.340189873,0.916666667,22
0.875000000,0.962025316,1.000000000,1.000000000,0.689873418,0.328059072,0.660864979,0.819620253,0.934071730,0.592827004,0.241561181,0.127109705,0.476265823,0.125000000,0.094936709,0.027426160,0.257383966,0.352320675,0.183544304,0.052742616,0.257383966,0.440928270,0.023206751,0.330168776,0.239451477,0.220464135,0.328059072,0.402953586,0.793248945,0.750000000,0.695147679,0.231012658,0.327004219,0.182489451,0.419831224,0.679324895,0.657172996,0.176160338,0.340189873,0.303270042,0.598101266,0.723628692,0.738396624,0.834388186,0.947784810,0.958333333,0.839662447,0.930379747,0.894514768,0.383966245,0.215189873,0.586497890,0.742616034,0.820675105,0.767932489,0.859177215,0.834915612,0.716772152,0.863396624,0.772679325,0.695147679,0.683544304,0.728902954,0.774261603,0.763713080,0.844936709,0.804324895,0.752637131,0.789556962,0.679852321,0.382383966,0.156118143,0.507383966,0.752637131,0.592299578,0.526898734,0.694620253,0.681434599,0.742616034,0.708333333,12
0.041666667,0.254219409,0.497362869,0.437236287,0.164556962,0.241033755,0.430907173,0.496308017,0.243143460,0.121308017,0.204113924,0.411919831,0.366033755,0.153481013,0.241561181,0.575421941,0.987869198,0.199367089,0.774261603,0.563818565,0.531118143,0.286392405,0.134493671,0.325421941,0.515295359,0.352848101,0.181962025,0.238924051,0.675105485,0.277426160,0.460970464,0.478375527,0.261075949,0.785337553,0.453586498,0.591772152,0.378164557,0.436181435,0.383438819,0.933544304,0.225738397,0.563818565,0.684071730,0.218354430,0.060654008,0.684599156,0.764767932,0.228902954,0.114978903,0.137658228,0.425105485,0.348101266,0.238924051,0.075949367,0.302215190,0.554324895,0.342299578,0.087552743,0.107594937,0.531118143,0.371835443,0.126054852,0.147151899,0.319620253,0.327004219,0.496835443,0.468354430,0.156118143,0.046413502,0.184599156,0.224683544,0.026898734,0.345464135,0.316983122,0.146097046,0.142405063,0.267932489,0.311181435,0.208860759,0.791666667,18
0.583333333,0.583333333,0.603902954,0.625000000,0.625000000,0.533227848,0.560126582,0.587025316,0.462552743,0.668776371,0.652426160,0.586497890,0.742088608,0.631856540,0.659282700,0.674050633,0.393987342,0.520042194,0.564873418,0.616824895,0.912447257,0.980221519,1.000000000,1.000000000,1.000000000,1.000000000,1.000000000,1.000000000,1.000000000,1.000000000,1.000000000,1.000000000,1.000000000,1.000000000,1.000000000,1.000000000,1.000000000,1.000000000,1.000000000,1.000000000,1.000000000,1.000000000,1.000000000,1.000000000,1.000000000,1.000000000,1.000000000,1.000000000,1.000000000,1.000000000,1.000000000,1.000000000,1.000000000,1.000000000,0.990334252,0.950709656,0.754816464,0.589662447,0.605485232,0.835970464,0.867088608,0.898206751,0.853375527,0.697784810,0.542194093,0.522679325,0.529535865,0.504746835,0.598101266,0.713607595,0.838080169,0.957278481,0.926160338,0.959915612,0.961234177,0.851793249,0.711761603,0.645569620,0.625000000,0.625000000,14
0.333333333,0.765295359,0.949367089,0.967299578,0.924578059,0.957805907,0.925632911,0.868143460,0.849156118,0.889767932,0.956223629,0.958333333,0.934599156,0.939609705,0.977452532,0.969145570,0.960838608,0.865506329,0.799050633,0.815664557,0.832278481,0.646624473,0.764767932,0.945147679,0.991297468,0.941455696,0.891613924,0.897151899,0.923523207,0.940137131,0.956751055,0.988396624,0.935126582,0.835443038,0.750000000,0.750000000,0.809071730,0.791139241,0.775316456,0.824894515,0.758438819,0.880537975,0.922072785,0.897151899,0.886075949,0.985759494,0.921677215,0.820279536,0.819620253,0.996835443,0.963607595,0.902426160,0.894514768,0.872362869,0.756592827,0.839662447,0.922732068,0.939345992,0.895569620,0.822784810,0.656645570,0.813291139,0.953586498,0.977452532,0.901898734,0.810522152,0.831223629,0.881065401,0.916666667,0.913502110,0.813818565,0.869198312,0.864451477,0.800632911,0.833333333,0.833333333,0.681434599,0.701476793,0.875000000,0.875000000,18
0.166666667,0.290611814,0.497362869,0.464662447,0.174050633,0.369725738,0.532172996,0.382383966,0.350210970,0.364978903,0.372362869,0.523206751,0.204641350,0.472573840,0.584388186,0.464135021,0.200421941,0.373417722,0.370253165,0.385021097,0.286919831,0.409810127,0.465189873,0.411392405,0.339662447,0.265295359,0.549578059,0.418248945,0.301687764,0.285337553,0.327531646,0.386075949,0.350738397,0.376582278,0.553270042,0.472046414,0.380801688,0.296940928,0.598101266,0.498945148,0.240506329,0.236814346,0.380801688,0.456223629,0.312763713,0.256329114,0.314345992,0.598628692,0.329641350,0.112869198,0.256329114,0.342827004,0.303797468,0.304852321,0.304852321,0.426687764,0.419303797,0.177215190,0.423523207,0.510021097,0.225738397,0.236814346,0.410864979,0.170886076,0.268987342,0.275843882,0.485759494,0.522679325,0.357594937,0.343881857,0.468354430,0.562236287,0.382911392,0.381329114,0.366033755,0.491561181,0.328586498,0.170358650,0.502109705,0.416666667,18
0.208333333,0.321202532,0.422468354,0.291666667,0.315400844,0.771097046,0.250000000,0.353375527,0.310126582,0.208333333,0.737869198,0.339662447,0.309071730,0.287447257,0.418248945,0.339135021,0.317510549,0.180907173,0.242088608,0.223628692,0.316983122,0.236814346,0.355485232,0.574894515,0.426687764,0.313291139,0.251054852,0.448312236,0.619725738,0.440928270,0.180379747,0.234704641,0.352320675,0.603902954,0.372890295,0.391350211,0.375527426,0.424578059,0.508438819,0.398734177,0.318565401,0.324894515,0.365506329,0.405590717,0.316983122,0.295886076,0.229430380,0.379219409,0.410337553,0.134493671,0.162447257,0.250527426,0.135021097,0.565928270,0.468354430,0.246835443,0.254219409,0.258438819,0.419831224,0.520042194,0.341244726,0.291666667,0.095991561,0.370253165,0.434599156,0.289029536,0.321202532,0.376582278,0.405590717,0.715189873,0.272151899,0.177215190,0.126582278,0.029535865,0.123417722,0.125527426,0.311181435,0.469936709,0.348101266,0.250000000,14
0.541666667,0.639767932,0.308016878,0.743143460,0.372890295,0.646624473,0.303270042,0.358649789,0.363924051,0.573839662,0.569620253,0.410864979,0.814345992,0.349683544,0.626582278,0.318037975,0.638713080,0.543776371,0.529008439,0.665611814,0.392405063,0.944620253,0.366561181,0.445675105,0.550105485,0.287974684,0.370253165,0.481012658,0.478902954,0.340717300,0.489451477,0.333860759,0.588607595,0.343881857,0.347046414,0.453586498,0.439345992,0.600210970,0.418248945,0.646097046,0.263185654,0.665084388,0.174578059,0.602320675,0.507911392,0.359177215,0.524261603,0.436181435,0.591244726,0.354430380,0.594936709,0.381329114,0.435654008,0.509493671,0.384493671,0.670358650,0.333333333,0.618143460,0.287974684,0.389240506,0.365506329,0.182489451,0.324367089,0.097046414,0.195675105,0.494198312,0.351793249,0.535337553,0.353375527,0.486286920,0.264240506,0.502637131,0.407700422,0.573839662,0.282172996,0.616033755,0.168776371,0.447257384,0.275316456,0.291666667,26
0.750000000,0.472573840,0.386603376,0.618670886,0.375527426,0.552215190,0.737341772,0.406645570,0.445675105,0.697784810,0.233649789,0.618670886,0.636075949,0.639767932,0.438818565,0.425105485,0.381856540,0.158227848,0.496308017,0.626582278,0.278481013,0.498417722,0.604957806,0.256329114,0.633966245,0.423523207,0.242088608,0.549050633,0.482067511,0.337025316,0.766877637,0.406645570,0.324367089,0.695675105,0.263185654,0.216772152,0.866561181,0.286919831,0.439873418,0.638713080,0.377637131,0.416139241,0.578059072,0.325949367,0.603902954,0.543776371,0.383438819,0.545886076,0.343354430,0.204641350,0.696729958,0.579641350,0.343354430,0.578586498,0.386075949,0.412974684,0.824367089,0.362341772,0.383966245,0.506856540,0.161392405,0.376054852,0.605485232,0.147151899,0.375527426,0.571202532,0.227320675,0.450421941,0.482594937,0.184071730,0.564345992,0.404008439,0.183016878,0.750000000,0.409282700,0.597573840,0.154535865,0.343881857,0.514767932,0.125000000,10
0.333333333,0.820675105,0.200421941,0.782700422,0.758438819,0.677215190,0.560654008,0.335970464,0.191983122,0.456223629,0.806170886,0.858254219,0.807489451,0.540084388,0.255274262,0.373417722,0.549578059,0.369725738,0.469145570,0.530722574,0.236286920,0.376054852,0.449894515,0.333860759,0.690400844,0.852848101,0.972573840,0.891218354,0.537974684,0.371835443,0.768459916,0.913502110,0.710443038,0.514240506,0.444620253,0.827531646,0.465717300,0.539029536,0.515822785,0.915348101,0.813818565,0.712289030,0.513185654,0.310126582,0.845464135,0.306962025,0.765295359,0.976265823,0.828322785,0.599287975,0.480485232,0.222046414,0.125000000,0.344409283,0.326476793,0.477848101,0.285337553,0.204113924,0.266877637,0.450949367,0.772679325,0.743539030,0.484638713,0.451476793,0.743670886,0.959651899,1.000000000,1.000000000,1.000000000,1.000000000,0.919971321,0.551123253,0.284810127,0.782700422,0.505274262,0.512130802,0.284810127,0.678797468,0.142932489,0.833333333,18
0.791666667,0.675105485,0.758438819,0.779008439,0.800632911,0.811708861,0.750000000,0.690928270,0.835443038,0.875000000,0.916139241,0.808544304,0.300632911,0.412447257,0.374472574,0.299578059,0.655063291,0.329113924,0.509493671,0.506329114,0.410337553,0.235232068,0.632383966,0.429852321,0.398206751,0.208333333,0.313818565,0.711497890,0.763713080,0.632911392,0.732594937,0.268459916,0.265295359,0.751054852,0.759493671,0.712025316,0.615506329,0.635021097,0.560654008,0.185654008,0.420886076,0.481012658,0.353902954,0.498417722,0.893987342,0.638185654,0.471518987,0.183544304,0.657172996,0.910337553,0.875000000,0.881856540,0.927742616,0.835970464,0.488396624,0.333333333,0.696729958,0.649789030,0.728902954,0.668776371,0.643987342,0.771624473,0.256856540,0.388185654,0.770042194,0.815928270,0.292194093,0.270569620,0.481012658,0.787974684,0.952795359,0.883966245,0.687763713,0.202531646,0.041139241,0.182489451,0.162974684,0.257911392,0.478902954,0.875000000,14
0.500000000,0.369198312,0.494725738,0.682489451,0.289556962,0.737869198,0.706223629,0.337025316,0.504746835,0.250000000,0.222573840,0.631856540,0.406645570,0.446729958,0.543776371,0.172468354,0.540084388,0.426160338,0.306962025,0.560126582,0.322784810,0.434599156,0.738396624,0.270042194,0.544303797,0.638713080,0.381329114,0.646624473,0.443565401,0.437236287,0.575949367,0.310126582,0.331223629,0.424050633,0.796413502,0.828059072,0.458860759,0.820675105,0.192510549,0.577531646,0.551160338,0.263185654,0.709388186,0.488924051,0.430907173,0.772679325,0.303270042,0.481012658,0.618143460,0.136603376,0.425632911,0.343354430,0.206223629,0.584388186,0.343881857,0.434071730,0.587025316,0.226265823,0.513185654,0.466772152,0.150316456,0.582805907,0.385548523,0.355485232,0.661392405,0.389240506,0.477848101,0.621308017,0.281645570,0.510021097,0.284282700,0.224156118,0.540611814,0.673523207,0.304324895,0.871835443,0.901107595,0.413238397,0.575421941,0.291666667,2
0.791666667,0.637394515,0.483122363,0.650843882,0.807489451,0.555907173,0.658755274,0.635021097,0.552215190,0.626582278,0.776898734,0.648338608,0.519778481,0.674050633,0.598628692,0.515295359,0.604430380,0.501582278,0.398734177,0.665084388,0.624472574,0.537447257,0.924578059,0.650316456,0.376054852,0.588343882,0.886075949,0.987671414,0.938554852,0.848562764,0.434599156,0.471518987,0.773206751,0.942378692,0.912381329,0.882383966,0.887921941,0.905063291,0.684071730,0.074894515,0.383438819,0.386075949,0.398206751,0.400843882,0.400316456,0.495780591,0.358649789,0.501054852,0.706751055,0.859704641,0.910864979,0.876582278,0.842299578,0.934599156,1.000000000,0.989451477,0.942510549,0.771097046,0.840189873,0.920358650,0.973628692,1.000000000,0.998945148,0.930379747,0.834388186,0.851793249,0.941983122,0.960443038,0.703322785,0.446202532,0.622890295,0.878691983,1.000000000,1.000000000,1.000000000,1.000000000,1.000000000,1.000000000,1.000000000,1.000000000,16
0.291666667,0.453059072,0.411919831,0.603375527,0.396624473,0.662447257,0.730485232,0.442510549,0.439345992,0.773206751,0.956223629,0.971914557,0.960838608,0.546940928,0.495253165,0.895569620,0.868670886,0.362341772,0.283755274,0.699367089,0.433544304,0.359704641,0.452531646,0.344936709,0.739451477,0.927215190,0.821202532,0.821202532,0.382911392,0.284810127,0.703586498,0.910337553,0.998945148,0.932489451,0.622362869,0.455696203,0.697784810,0.498417722,0.459388186,0.758966245,0.770042194,0.393459916,0.551687764,0.347573840,0.568037975,0.878691983,0.233122363,0.775843882,0.225738397,0.620253165,0.256329114,0.537974684,0.703059072,0.791666667,0.843881857,0.926687764,0.948839662,0.603902954,0.598628692,0.310654008,0.532172996,0.302215190,0.519514768,0.397679325,0.268987342,0.662974684,0.825421941,0.288502110,0.440400844,0.238924051,0.237869198,0.331223629,0.407172996,0.410864979,0.372890295,0.457805907,0.297468354,0.322784810,0.957805907,0.958333333,12
0.750000000,0.517405063,0.933016878,0.610759494,0.455696203,0.232067511,0.342827004,0.341772152,0.414556962,0.635021097,0.285864979,0.330168776,0.443037975,0.292721519,0.341244726,0.458333333,0.458333333,0.754219409,0.745780591,0.786919831,0.421940928,0.790084388,0.394514768,0.801160338,0.457278481,0.258438819,0.414556962,0.373945148,0.367616034,0.839135021,0.471518987,0.299578059,0.934599156,0.920886076,0.572257384,0.524789030,0.739978903,0.511075949,0.676424051,0.308808017,0.514240506,0.550105485,0.279272152,0.257647679,0.194092827,0.373417722,0.396097046,0.244198312,0.379746835,0.273206751,0.849156118,0.448312236,0.782172996,0.216772152,0.843354430,0.290611814,0.684599156,0.489978903,0.443037975,0.724683544,0.389240506,0.829113924,1.000000000,0.916205169,0.663172468,0.617088608,0.876582278,0.727848101,0.427215190,0.400843882,0.444092827,0.458333333,0.641877637,0.901371308,0.958333333,0.922995781,0.879746835,0.412974684,0.134493671,0.791666667,16
0.125000000,0.678797468,0.540875527,0.300896624,0.571202532,0.623945148,0.410337553,0.713080169,0.863528481,0.540479958,0.217431435,0.540084388,0.851265823,0.979957806,1.000000000,1.000000000,1.000000000,1.000000000,1.000000000,1.000000000,1.000000000,1.000000000,1.000000000,1.000000000,1.000000000,1.000000000,0.998417722,0.961497890,0.992088608,1.000000000,1.000000000,0.992681962,0.945609177,0.694620253,0.172468354,0.498945148,0.425105485,0.449367089,0.737869198,0.851793249,0.796413502,0.722573840,0.541139241,0.091772152,0.165611814,0.494198312,0.351793249,0.318565401,0.643459916,0.925369198,0.943829114,0.883175105,0.532436709,0.181698312,0.520042194,0.828059072,0.787447257,0.782172996,0.911392405,0.744725738,0.179324895,0.674050633,0.803270042,0.932489451,0.958333333,0.536919831,0.470464135,0.601265823,0.342827004,0.223628692,0.832278481,0.795358650,0.957805907,0.544303797,0.523206751,0.742616034,0.847573840,0.884493671,0.921413502,0.958333333,14
0.333333333,0.486814346,0.412447257,0.236814346,0.439873418,0.363396624,0.306962025,0.382911392,0.416666667,0.264767932,0.460443038,0.292194093,0.425105485,0.418248945,0.813818565,0.601265823,0.782172996,0.562763713,0.404008439,0.401371308,0.485759494,0.375000000,0.496835443,0.270042194,0.430907173,0.425632911,0.798523207,0.367616034,0.736286920,0.557225738,0.708860759,0.435126582,0.587025316,0.529535865,0.407700422,0.535337553,0.458860759,0.499472574,0.443037975,0.241561181,0.684599156,0.585443038,0.488924051,0.623945148,0.339662447,0.520042194,0.533755274,0.927215190,0.726793249,0.778481013,0.369198312,0.502637131,0.708333333,0.695675105,0.427742616,0.321729958,0.584915612,0.254746835,0.517932489,0.509493671,0.332805907,0.478902954,0.255274262,0.335970464,0.525843882,0.756065401,0.327004219,0.210970464,0.395042194,0.428270042,0.377109705,0.260021097,0.415611814,0.265295359,0.357594937,0.219409283,0.359704641,0.303270042,0.304852321,0.416666667,22
0.708333333,0.434071730,0.711234177,0.944620253,0.913568038,0.656250000,0.317708333,0.070147679,0.388185654,0.632911392,0.573839662,0.547995781,0.650843882,0.463607595,0.385812236,0.402953586,0.430379747,0.498945148,0.820675105,0.961761603,1.000000000,1.000000000,1.000000000,1.000000000,0.906645570,0.637658228,0.670886076,1.000000000,0.994066456,0.865506329,0.694224684,0.582805907,0.685654008,0.945938819,0.765954641,0.585970464,0.593354430,0.772679325,0.969409283,0.982463080,0.819620253,0.610891350,0.564873418,0.741561181,1.000000000,1.000000000,1.000000000,0.907403745,0.724419831,0.596518987,0.590189873,0.384493671,0.178797468,0.378164557,0.631329114,0.728902954,0.669831224,0.704113924,0.738396624,0.568565401,0.539029536,0.702531646,0.502637131,0.674050633,0.461497890,0.543776371,0.811972574,0.918117089,0.995253165,0.893426951,0.770569620,0.638713080,0.586761603,0.741033755,0.895305907,0.975738397,0.778481013,0.435654008,0.314345992,1.000000000,4
0.958333333,0.958333333,0.970200422,0.986550633,1.000000000,1.000000000,0.977848101,0.922468354,0.909810127,1.000000000,1.000000000,0.947257384,0.881856540,0.850210970,0.915611814,0.981012658,0.907172996,0.890295359,1.000000000,1.000000000,1.000000000,1.000000000,1.000000000,1.000000000,1.000000000,0.974156118,0.924578059,0.859177215,0.793776371,0.823312236,0.787974684,0.763713080,0.815400844,0.978902954,0.914556962,0.894514768,0.906118143,0.873417722,0.840717300,0.757383966,0.773734177,0.882383966,0.915084388,0.947784810,0.980485232,0.986814346,0.954113924,0.921413502,0.916666667,0.954641350,1.000000000,0.997890295,0.932489451,0.891877637,0.890822785,0.909810127,0.877109705,0.936181435,0.828586498,0.796940928,0.981540084,0.818037975,0.791666667,0.828586498,0.875000000,0.873945148,0.808544304,0.767405063,0.734704641,0.739978903,0.903481013,0.766350211,0.792721519,0.850738397,0.794831224,0.827531646,0.752637131,0.726265823,0.714135021,0.583333333,0
0.416666667,0.764240506,0.535337553,0.743670886,0.392932489,0.474156118,0.735232068,0.441983122,0.324894515,0.602848101,0.315928270,0.481540084,0.803797468,0.504746835,0.294831224,0.416666667,0.338607595,0.317510549,0.388713080,0.020569620,0.354957806,0.409282700,0.483122363,0.762658228,0.507911392,0.352320675,0.554852321,0.388185654,0.220464135,0.318565401,0.573312236,0.592299578,0.775843882,0.405063291,0.297468354,0.450421941,0.738396624,0.319092827,0.167194093,0.348628692,0.600210970,0.787974684,0.559071730,0.521624473,0.318565401,0.683544304,0.587552743,0.317510549,0.285864979,0.396624473,0.158227848,0.410337553,0.291666667,0.383438819,0.238924051,0.474683544,0.273206751,0.456751055,0.328586498,0.333333333,0.312236287,0.751054852,0.192510549,0.390822785,0.370253165,0.238396624,0.244725738,0.491033755,0.239978903,0.620780591,0.416139241,0.125000000,0.327531646,0.656118143,0.213607595,0.309599156,0.254219409,0.631329114,0.320147679,0.458333333,0
0.708333333,0.296413502,0.534810127,0.695675105,0.446729958,0.535337553,0.703586498,0.324894515,0.550632911,0.763713080,0.304324895,0.551160338,0.590717300,0.224683544,0.659282700,0.612869198,0.289556962,0.590189873,0.647151899,0.214135021,0.502109705,0.623945148,0.113396624,0.360759494,0.322257384,0.237869198,0.543248945,0.533227848,0.337025316,0.661392405,0.558544304,0.368670886,0.639767932,0.462025316,0.390295359,0.308016878,0.343354430,0.431962025,0.816455696,0.422995781,0.450421941,0.898734177,0.360759494,0.428270042,0.551687764,0.639767932,0.268459916,0.213607595,0.387130802,0.441983122,0.483122363,0.740506329,0.451476793,0.469936709,0.633438819,0.494198312,0.430907173,0.690928270,0.368143460,0.359704641,0.537974684,0.238924051,0.293248945,0.400843882,0.292194093,0.369198312,0.628691983,0.300632911,0.586497890,0.248945148,0.568037975,0.406118143,0.289029536,0.470464135,0.399789030,0.299578059,0.564345992,0.345991561,0.327004219,0.458333333,2
0.208333333,0.291666667,0.206223629,0.619725738,0.355485232,0.250000000,0.283755274,0.794040084,0.374736287,0.375000000,0.270569620,0.662974684,0.245780591,0.282172996,0.407700422,0.785337553,0.225210970,0.291666667,0.489978903,0.604957806,0.437236287,0.353375527,0.552215190,0.219936709,0.366033755,0.166666667,0.351265823,0.350738397,0.501054852,0.743670886,0.407172996,0.848101266,0.648734177,0.238396624,0.285864979,0.253164557,0.704641350,0.495780591,0.271624473,0.222046414,0.333860759,0.332805907,0.276898734,0.366033755,0.169831224,0.329113924,0.308016878,0.335970464,0.290611814,0.726793249,0.284282700,0.351793249,0.284282700,0.254746835,0.272679325,0.781645570,0.244198312,0.208333333,0.259757384,0.312763713,0.313818565,0.734704641,0.182489451,0.582278481,0.947784810,0.502637131,0.185126582,0.428797468,0.390295359,0.542194093,0.679852321,0.208333333,0.385548523,0.223101266,0.303797468,0.372890295,0.456751055,0.379746835,0.475738397,0.791666667,8
0.416666667,0.271097046,0.654535865,0.404008439,0.392932489,0.563818565,0.418248945,0.286919831,0.250527426,0.393459916,0.324894515,0.595464135,0.591244726,0.537447257,0.671940928,0.137658228,0.246835443,0.426687764,0.398206751,0.251054852,0.322784810,0.535601266,0.626582278,0.689873418,0.507911392,0.291139241,0.604430380,0.386075949,0.504746835,0.752637131,0.459915612,0.933016878,0.641877637,0.247890295,0.485759494,0.838607595,1.000000000,1.000000000,1.000000000,1.000000000,1.000000000,1.000000000,1.000000000,1.000000000,1.000000000,1.000000000,1.000000000,1.000000000,1.000000000,1.000000000,1.000000000,1.000000000,1.000000000,1.000000000,0.972573840,0.839662447,0.985232068,0.746571730,0.423391350,0.513185654,0.826476793,1.000000000,1.000000000,1.000000000,1.000000000,0.871308017,0.860232068,0.939873418,0.869198312,0.544831224,0.277953586,0.702531646,0.302215190,0.756329114,0.705696203,0.414556962,0.503164557,0.821729958,0.536392405,0.500000000,4
0.541666667,0.327004219,0.290611814,0.275843882,0.490506329,0.426687764,0.319620253,0.334388186,0.305379747,0.395569620,0.395042194,0.739451477,0.493670886,0.366033755,0.413502110,0.302742616,0.232067511,0.245780591,0.457805907,0.539029536,0.364451477,0.301160338,0.244725738,0.433016878,0.431962025,0.436708861,0.668776371,0.402426160,0.187763713,0.327004219,0.428797468,0.371835443,0.306962025,0.267405063,0.392932489,0.598628692,0.417721519,0.204641350,0.370780591,0.330168776,0.330168776,0.231012658,0.307489451,0.335970464,0.593354430,0.283227848,0.316983122,0.255801688,0.290611814,0.360232068,0.411919831,0.133438819,0.188291139,0.436708861,0.293248945,0.262658228,0.196202532,0.338607595,0.367088608,0.293248945,0.230485232,0.177742616,0.280590717,0.351265823,0.250000000,0.174050633,0.507911392,0.159282700,0.210970464,0.270042194,0.416139241,0.272679325,0.334915612,0.361286920,0.455696203,0.358649789,0.286392405,0.195675105,0.125000000,0.291666667,16
0.458333333,0.386603376,0.385548523,0.523734177,0.484177215,0.305907173,0.097046414,0.483649789,0.551160338,0.405063291,0.410337553,0.368670886,0.255801688,0.212025316,0.273206751,0.658227848,0.518459916,0.347573840,0.369198312,0.454113924,0.344409283,0.222046414,0.469409283,0.594409283,0.340189873,0.418248945,0.428797468,0.372362869,0.278481013,0.330168776,0.608122363,0.399789030,0.253164557,0.446729958,0.448839662,0.404535865,0.313818565,0.542721519,0.541139241,0.408227848,0.377637131,0.549578059,0.416666667,0.356540084,0.322784810,0.285337553,0.344409283,0.334915612,0.398206751,0.452004219,0.371835443,0.209388186,0.518987342,0.524261603,0.268987342,0.290084388,0.443037975,0.540084388,0.422995781,0.376582278,0.541139241,0.332805907,0.179324895,0.352320675,0.492616034,0.342299578,0.344409283,0.420886076,0.362341772,0.302742616,0.253164557,0.395569620,0.363396624,0.375000000,0.128164557,0.525316456,0.298523207,0.265822785,0.344936709,0.416666667,6
0.166666667,0.443565401,0.328059072,0.338607595,0.371308017,0.405590717,0.500527426,0.488924051,0.716244726,0.299578059,0.375000000,0.778481013,0.322784810,0.375000000,0.213080169,0.361814346,0.304852321,0.335443038,0.265822785,0.313818565,0.223101266,0.305379747,0.375000000,0.339662447,0.186708861,0.351793249,0.208333333,0.255801688,0.330168776,0.231540084,0.276371308,0.291666667,0.236814346,0.246308017,0.293776371,0.333333333,0.291666667,0.254746835,0.269514768,0.421413502,0.318565401,0.375000000,0.360759494,0.313291139,0.217299578,0.254219409,0.304324895,0.387130802,0.332278481,0.068037975,0.280063291,0.365506329,0.273734177,0.235232068,0.297468354,0.312763713,0.147679325,0.373945148,0.282172996,0.219409283,0.608649789,0.369198312,0.207278481,0.194620253,0.420886076,0.209915612,0.275316456,0.281118143,0.324894515,0.613924051,0.738396624,0.228902954,0.253164557,0.353902954,0.176160338,0.294831224,0.213607595,0.380274262,0.289029536,0.250000000,6
0.770833333,0.953586498,0.872956224,0.657700422,0.489978903,0.622890295,0.674050633,0.723892405,0.607594937,0.463607595,0.862341772,0.971518987,0.928797468,0.783227848,0.604430380,0.504746835,0.784810127,0.875000000,0.875000000,0.830696203,0.598101266,0.707805907,0.636603376,0.470464135,0.321729958,0.255274262,0.402953586,0.657700422,0.819620253,0.786392405,0.753164557,0.539556962,0.652953586,0.714662447,0.434599156,0.268459916,0.722573840,0.832278481,0.699367089,0.600210970,0.733122363,0.735495781,0.718881857,0.635548523,0.469409283,0.569092827,0.583333333,0.723628692,0.828586498,0.695675105,0.562763713,0.513713080,0.695147679,0.888976793,0.805907173,0.722837553,0.598628692,0.731540084,0.884493671,0.651898734,0.419303797,0.643987342,0.763976793,0.714135021,0.660337553,0.527426160,0.750527426,0.940664557,0.982199367,0.917523734,0.780458861,0.491561181,0.394251055,0.510548523,0.621835443,0.422468354,0.628164557,0.842299578,0.916666667,0.916666667,4
1.000000000,1.000000000,1.000000000,1.000000000,1.000000000,1.000000000,1.000000000,0.958860759,0.939873418,1.000000000,1.000000000,1.000000000,0.991297468,0.974947257,0.958597046,0.958333333,0.958333333,0.944092827,0.924578059,0.973628692,0.993670886,1.000000000,0.988924051,0.952004219,0.853902954,0.859177215,0.875000000,0.882911392,0.915611814,0.979957806,1.000000000,1.000000000,1.000000000,1.000000000,0.544303797,0.411392405,0.573839662,0.797995781,0.928797468,0.983649789,0.963212025,0.885944093,0.796017932,0.885021097,0.916666667,0.692510549,0.254746835,0.614451477,0.443037975,0.466244726,0.690137131,0.898206751,0.971782700,0.995780591,0.991099684,0.966706224,0.919699367,0.641350211,0.368670886,0.360232068,0.715717300,0.781118143,0.846518987,0.884229958,0.900580169,0.917194093,0.949894515,0.982594937,0.984704641,0.955168776,0.938818565,0.922468354,0.948312236,0.909414557,0.721387131,0.533359705,0.473101266,0.476265823,0.500000000,0.500000000,4
0.791666667,0.900580169,0.968354430,1.000000000,1.000000000,0.764833861,0.452960179,0.331751055,0.736286920,0.840189873,0.933544304,1.000000000,1.000000000,1.000000000,1.000000000,1.000000000,1.000000000,1.000000000,1.000000000,1.000000000,1.000000000,1.000000000,1.000000000,1.000000000,1.000000000,1.000000000,1.000000000,0.965304668,0.807841241,0.461695739,0.477320675,0.712025316,0.525316456,0.338607595,0.462552743,0.722046414,0.348628692,0.608122363,0.870780591,0.980221519,0.863528481,0.733913502,0.574894515,0.452267932,0.685654008,0.893723629,0.920622363,0.752307489,0.577267932,0.616033755,0.759229958,0.910733122,0.685126582,0.459520042,0.497890295,0.845991561,0.970464135,1.000000000,0.882977321,0.603507384,0.288436181,0.556434599,0.883966245,1.000000000,1.000000000,1.000000000,1.000000000,1.000000000,1.000000000,1.000000000,1.000000000,1.000000000,1.000000000,1.000000000,1.000000000,1.000000000,1.000000000,0.862714679,0.607630734,0.250000000,2
0.541666667,0.156645570,0.337025316,0.310654008,0.465717300,0.515822785,0.318565401,0.264240506,0.456751055,0.543776371,0.468354430,0.500000000,0.522151899,0.750000000,0.750000000,0.391350211,0.300632911,0.262130802,0.408227848,0.500000000,0.419831224,0.198312236,0.233122363,0.687236287,0.521624473,0.066983122,0.299050633,0.568565401,0.474156118,0.358649789,0.213080169,0.354957806,0.268459916,0.392405063,0.422995781,0.083333333,0.083333333,0.158491561,0.524261603,0.860759494,0.514240506,0.721518987,0.885021097,0.977848101,1.000000000,1.000000000,1.000000000,1.000000000,1.000000000,1.000000000,1.000000000,0.985361864,0.860678113,0.428506972,0.379219409,0.683544304,0.563291139,0.192510549,0.388713080,0.592563291,0.534810127,0.530590717,0.698575949,0.983649789,1.000000000,1.000000000,1.000000000,0.889636076,0.597161788,0.573312236,0.839662447,0.983649789,1.000000000,1.000000000,1.000000000,1.000000000,1.000000000,1.000000000,0.993670886,0.916666667,2
0.708333333,0.385548523,0.664029536,0.815928270,0.870253165,0.941983122,1.000000000,1.000000000,1.000000000,1.000000000,0.841772152,0.568829114,0.333860759,0.265822785,0.343881857,0.523206751,0.831223629,0.521097046,0.291666667,0.350738397,0.458333333,0.489978903,0.848628692,0.974683544,0.917721519,0.766877637,0.745780591,0.895042194,0.962552743,0.998417722,0.862869198,0.918776371,0.935654008,0.899789030,0.886075949,0.906118143,0.834388186,0.585970464,0.837025316,0.934599156,0.880801688,0.809071730,0.787974684,0.999736287,0.981803797,0.963871308,0.983122363,0.990506329,0.972573840,0.943565401,0.875000000,0.875000000,0.843354430,0.859177215,0.895042194,0.916666667,0.925105485,0.942510549,0.727320675,0.806434599,0.940928270,0.978902954,0.943037975,0.935654008,0.996308017,0.960443038,0.958333333,0.706751055,0.649789030,0.724683544,0.760548523,0.791666667,0.791666667,0.791666667,0.791666667,0.907700422,0.878164557,0.719936709,0.657172996,0.083333333,16
0.750000000,0.450949367,0.647679325,0.588080169,0.319092827,0.784282700,0.333860759,0.572257384,0.896624473,1.000000000,1.000000000,1.000000000,0.967365506,0.841376582,0.632383966,0.466244726,0.395042194,0.630274262,0.707805907,0.425369198,0.142932489,0.778481013,1.000000000,1.000000000,0.950685654,0.668248945,0.324630802,0.474156118,0.790611814,0.963607595,0.996835443,0.767009494,0.433808017,0.392932489,0.815400844,0.981540084,1.000000000,0.847046414,0.549182489,0.284282700,0.882383966,0.987341772,1.000000000,1.000000000,1.000000000,1.000000000,1.000000000,1.000000000,1.000000000,0.996835443,0.963607595,0.986286920,0.995121308,0.959124473,0.824894515,0.193565401,0.439873418,0.710443038,0.859968354,0.997890295,0.964662447,0.985232068,1.000000000,1.000000000,1.000000000,1.000000000,0.947257384,0.952531646,0.912183544,0.604298523,0.280327004,0.544303797,0.819620253,0.934599156,0.994857595,0.670886076,0.334256329,0.419831224,0.783227848,0.750000000,10
0.208333333,0.452004219,0.332278481,0.587552743,0.902426160,0.867616034,0.825421941,0.303270042,0.493143460,0.549314346,0.427478903,0.412447257,0.743143460,0.516877637,0.290611814,0.363396624,0.591772152,0.800632911,1.000000000,1.000000000,0.745253165,0.405327004,0.414029536,0.776898734,0.879219409,0.948839662,0.672732068,0.342035865,0.379219409,0.751054852,0.901766878,0.980089662,0.993407173,0.997758439,0.966244726,0.936708861,1.000000000,1.000000000,1.000000000,0.975738397,0.975738397,1.000000000,1.000000000,1.000000000,1.000000000,1.000000000,0.846733254,0.517025976,0.217299578,0.635021097,0.843618143,0.927478903,0.970991561,1.000000000,1.000000000,1.000000000,1.000000000,1.000000000,1.000000000,1.000000000,0.973628692,0.799578059,0.841508439,0.893723629,0.916666667,0.853375527,0.748945148,0.992616034,0.898734177,0.955696203,1.000000000,1.000000000,1.000000000,1.000000000,0.691455696,0.350738397,0.516877637,0.600210970,0.214135021,0.666666667,14
0.000000000,0.326476793,0.332805907,0.478375527,0.651371308,0.399789030,0.292194093,0.570675105,0.513185654,0.321202532,0.459915612,0.396624473,0.211497890,0.906118143,0.482067511,0.250000000,0.355485232,0.532964135,0.702795359,0.510021097,0.388713080,0.416139241,0.063291139,0.032700422,0.476793249,0.758438819,0.616033755,0.713607595,0.382383966,0.204641350,0.478902954,0.387130802,0.224683544,0.392405063,0.250000000,0.376582278,0.455168776,0.522151899,0.718354430,0.607594937,0.656118143,0.646097046,0.245253165,0.130801688,0.748417722,0.739978903,0.541666667,0.541666667,0.354430380,0.820147679,0.577531646,0.563818565,0.675632911,0.583333333,0.620253165,0.660337553,0.595464135,0.696729958,0.609704641,0.755274262,0.609704641,0.561708861,0.550105485,0.644514768,0.727848101,0.360232068,0.029008439,0.584915612,0.657700422,0.664029536,0.583333333,0.554852321,0.258966245,0.294303797,0.577531646,0.848496835,0.545226793,0.220991561,0.368670886,0.416666667,0
0.750000000,0.813291139,0.875000000,0.873417722,0.837552743,0.906118143,0.756329114,0.837025316,0.872890295,0.851793249,0.838607595,0.857594937,0.750000000,0.729430380,0.595464135,0.529535865,0.816455696,0.624472574,0.233122363,0.538502110,0.812763713,0.797468354,0.455696203,0.185654008,0.282700422,0.206223629,0.401371308,0.482594937,0.237869198,0.230485232,0.156645570,0.290084388,0.501054852,0.642405063,0.648734177,0.698839662,0.791666667,0.694092827,0.663502110,0.811708861,0.875000000,0.766877637,0.688818565,0.799050633,0.898206751,0.892932489,0.923523207,0.958333333,0.806434599,0.811708861,0.795886076,0.776898734,0.599683544,0.835443038,0.715189873,0.467299578,0.209915612,0.275316456,0.180379747,0.342827004,0.226793249,0.327531646,0.571202532,0.691455696,0.708333333,0.742616034,0.819620253,0.939345992,0.922468354,0.880274262,0.838080169,0.945675105,0.958333333,0.958333333,0.958333333,0.602320675,0.022151899,0.812236287,0.565928270,0.291666667,2
0.500000000,0.535337553,0.730221519,0.914556962,1.000000000,1.000000000,1.000000000,1.000000000,0.738396624,0.455696203,0.493670886,0.707805907,0.813818565,0.917721519,0.953059072,0.988396624,0.821993671,0.556962025,0.507911392,0.818037975,0.393987342,0.746308017,0.641350211,0.393987342,0.397679325,0.628691983,0.469672996,0.310654008,0.696202532,0.932489451,0.686181435,0.412974684,0.737341772,0.914029536,0.881856540,0.846518987,0.523206751,0.455696203,0.744198312,0.567510549,0.390822785,0.761075949,0.590717300,0.592299578,0.620253165,0.297995781,0.546677215,0.882383966,0.738132911,0.499604430,0.476265823,0.698839662,0.925105485,0.995780591,0.808939873,0.484704641,0.518459916,0.608649789,0.479957806,0.756329114,0.897679325,0.717827004,0.488132911,0.482594937,0.595991561,0.507647679,0.419303797,0.690928270,0.875791139,0.791534810,0.553006329,0.464662447,0.804852321,0.981540084,1.000000000,1.000000000,0.981012658,0.970991561,1.000000000,1.000000000,12
0.125000000,0.372362869,0.947784810,0.254746835,0.492616034,0.230485232,0.452004219,0.246308017,0.439345992,0.199367089,0.453059072,0.327531646,0.599683544,0.582805907,0.294303797,0.477320675,0.191983122,0.290084388,0.463080169,0.267405063,0.400843882,0.238924051,0.196729958,0.071202532,0.831751055,0.234704641,0.417194093,0.320147679,0.414029536,0.692510549,0.686708861,0.706751055,0.440928270,0.296940928,0.437236287,0.178270042,0.382383966,0.216772152,0.398206751,0.301687764,0.436708861,0.281645570,0.316983122,0.492088608,0.201476793,0.455168776,0.378691983,0.448839662,0.376582278,0.126582278,0.664029536,0.242616034,0.459915612,0.208333333,0.413502110,0.308016878,0.396624473,0.172468354,0.340189873,0.353902954,0.295886076,0.129746835,0.385548523,0.208333333,0.256856540,0.804852321,0.815928270,0.522151899,0.178797468,0.445147679,0.471518987,0.196202532,0.367616034,0.257911392,0.367088608,0.256329114,0.310126582,0.210443038,0.587025316,0.208333333,0
0.583333333,0.603902954,0.285337553,0.381856540,0.356540084,0.272151899,0.553797468,0.498945148,0.476793249,0.539029536,0.760021097,0.644514768,0.701476793,0.733122363,0.332805907,0.272679325,0.319092827,0.677742616,0.646097046,0.536919831,0.878691983,0.575421941,0.313818565,0.291666667,0.424578059,0.215717300,0.549578059,0.600210970,0.623945148,0.633438819,0.677742616,0.611550633,0.738132911,0.574894515,0.539556962,0.580696203,0.448312236,0.396624473,0.338080169,0.330168776,0.583333333,0.583333333,0.671413502,0.612341772,0.122362869,0.138185654,0.387130802,0.314345992,0.290084388,0.677742616,0.633438819,0.420886076,0.323312236,0.458333333,0.535864979,0.548523207,0.025316456,0.455696203,0.293248945,0.395042194,0.534282700,0.619725738,0.611814346,0.666666667,0.698839662,0.543776371,0.315928270,0.274789030,0.647151899,0.566983122,0.356540084,0.176160338,0.540084388,0.578059072,0.888185654,0.220991561,0.049050633,0.074367089,0.116033755,0.083333333,8
0.375000000,0.375000000,0.242088608,0.237341772,0.522679325,0.584915612,0.425632911,0.459915612,0.654799578,0.598628692,0.542457806,0.615506329,0.396097046,0.447257384,0.427215190,0.314873418,0.281645570,0.414556962,0.676687764,0.910337553,0.835443038,0.251054852,0.391877637,0.206751055,0.368143460,0.368670886,0.216772152,0.452531646,0.694092827,0.825421941,0.713080169,0.851793249,0.875000000,0.875000000,0.689345992,0.655590717,0.813818565,0.869989451,0.929324895,1.000000000,1.000000000,0.893987342,0.781645570,0.534810127,0.507383966,0.657172996,0.607594937,0.408491561,0.689345992,0.959915612,0.997362869,0.686708861,0.288502110,0.562236287,0.459388186,0.435654008,0.860232068,1.000000000,1.000000000,1.000000000,1.000000000,0.862869198,0.953586498,1.000000000,1.000000000,1.000000000,0.990110759,0.957542194,0.911919831,0.876054852,0.950949367,0.992088608,1.000000000,1.000000000,0.957805907,0.882911392,0.706751055,0.382911392,0.233122363,0.083333333,0
0.541666667,0.728375527,0.894514768,1.000000000,1.000000000,1.000000000,1.000000000,1.000000000,1.000000000,1.000000000,1.000000000,1.000000000,1.000000000,1.000000000,1.000000000,1.000000000,1.000000000,1.000000000,1.000000000,1.000000000,1.000000000,0.971518987,0.958333333,0.962025316,0.977584388,0.993143460,1.000000000,0.994857595,0.971518987,0.934467300,0.941983122,0.982331224,0.997890295,1.000000000,1.000000000,0.994198312,0.963080169,0.984704641,0.968354430,0.927215190,0.989451477,1.000000000,0.938818565,0.852320675,0.976793249,1.000000000,1.000000000,0.999472574,0.995582806,0.973101266,0.965453586,0.981012658,0.996571730,0.975738397,0.930907173,0.868670886,0.806434599,0.874736287,0.934203586,0.926424051,0.918644515,0.916666667,0.910337553,0.894778481,0.879219409,0.943037975,0.987869198,0.956751055,0.925632911,0.938818565,0.911919831,0.794831224,0.888185654,0.851793249,0.824894515,0.915611814,0.853375527,0.812236287,0.633438819,0.166666667,6
1.000000000,0.368143460,0.319620253,0.373945148,0.348628692,0.325949367,0.662447257,0.400316456,0.647151899,0.854957806,0.510548523,0.400843882,0.376054852,0.409810127,0.523734177,0.291666667,0.581751055,0.716772152,0.547995781,0.359177215,0.371308017,0.666666667,0.666666667,0.241561181,0.045886076,0.550105485,0.326476793,0.545886076,0.353902954,0.382383966,0.263185654,0.212552743,0.272151899,0.494725738,0.757911392,0.506856540,0.185654008,0.768459916,0.916139241,0.565400844,0.298523207,0.644514768,0.750000000,0.747362869,0.228375527,0.308544304,0.262130802,0.697784810,0.800105485,0.637658228,0.227320675,0.422468354,0.508966245,0.597046414,0.297468354,0.391877637,0.708333333,0.645042194,0.609704641,0.814345992,0.875000000,0.871835443,0.690400844,0.337552743,0.682489451,0.829641350,0.755801688,0.793776371,0.882911392,0.872362869,0.748417722,0.452004219,0.404008439,0.703586498,0.303797468,0.380274262,0.749472574,0.792194093,0.728902954,0.833333333,12
0.500000000,0.200949367,0.523734177,0.291666667,0.392932489,0.268459916,0.853902954,0.325421941,0.271097046,0.500000000,0.305379747,0.404535865,0.404535865,0.781118143,0.261603376,0.870253165,0.606540084,0.440928270,0.305379747,0.471518987,0.211497890,0.323312236,0.330168776,0.186181435,0.453059072,0.342299578,0.845464135,0.309071730,0.675105485,0.360232068,0.768987342,0.695147679,0.335179325,0.827004219,0.415611814,0.622362869,0.517932489,0.696993671,0.289029536,0.670358650,0.326476793,0.754746835,0.778744726,0.547995781,0.304852321,0.256856540,0.949367089,0.225738397,0.357594937,0.324367089,0.220727848,0.244725738,0.699367089,0.487341772,0.250000000,0.309071730,0.311181435,0.619725738,0.428270042,0.854430380,0.217827004,0.358122363,0.437236287,0.291666667,0.381856540,0.343881857,0.856012658,0.250527426,0.613924051,0.266877637,0.454113924,0.271097046,0.910864979,0.294303797,0.810126582,1.000000000,0.832739979,0.355485232,0.667721519,0.750000000,4
0.375000000,0.557489451,0.655590717,0.407172996,0.639240506,0.594936709,0.459388186,0.570675105,0.483122363,0.544831224,0.671413502,0.483649789,0.418776371,0.609704641,0.310654008,0.434599156,0.469409283,0.385548523,0.576476793,0.535337553,0.441455696,0.697784810,0.443565401,0.434599156,0.497890295,0.396097046,0.476793249,0.440928270,0.342299578,0.514240506,0.589135021,0.100210970,0.604957806,0.570147679,0.375527426,0.561708861,0.452004219,0.367616034,0.720991561,0.439345992,0.358649789,0.635021097,0.293776371,0.388713080,0.512130802,0.325421941,0.396097046,0.184071730,0.209388186,0.536392405,0.523734177,0.319620253,0.704641350,0.399789030,0.347573840,0.703586498,0.421940928,0.327531646,0.604957806,0.279535865,0.241033755,0.263185654,0.264767932,0.498945148,0.522151899,0.390822785,0.478902954,0.397679325,0.242616034,0.864978903,0.523206751,0.525843882,0.735759494,0.397679325,0.538502110,0.744198312,0.344409283,0.569092827,0.611286920,0.375000000,10
0.500000000,0.573312236,0.533227848,0.536392405,0.409810127,0.393987342,0.639240506,0.304852321,0.308016878,0.573839662,0.597573840,0.380274262,0.549578059,0.471518987,0.455696203,0.619198312,0.408755274,0.339135021,0.590717300,0.392932489,0.381329114,0.531645570,0.464662447,0.445675105,0.507383966,0.299050633,0.264240506,0.433544304,0.445675105,0.169303797,0.645042194,0.681434599,0.247890295,0.527426160,0.399261603,0.261075949,0.507383966,0.440928270,0.129746835,0.487341772,0.487341772,0.338607595,0.631856540,0.619725738,0.342827004,0.504219409,0.645569620,0.312763713,0.540611814,0.510021097,0.180379747,0.534810127,0.539556962,0.375000000,0.299050633,0.607067511,0.391350211,0.469409283,0.578059072,0.311708861,0.477320675,0.474683544,0.305379747,0.386603376,0.686708861,0.241561181,0.388185654,0.541139241,0.363396624,0.409810127,0.606012658,0.310654008,0.455168776,0.489451477,0.340189873,0.300105485,0.411392405,0.327004219,0.446202532,0.583333333,12
0.083333333,0.464662447,0.557489451,0.229430380,0.427742616,0.095991561,0.905063291,0.301687764,0.270042194,0.443037975,0.291666667,0.460443038,0.296940928,0.517405063,0.675632911,0.674578059,0.383438819,0.225210970,0.529008439,0.218881857,0.364451477,0.522679325,0.474156118,0.098628692,0.395569620,0.864451477,0.435126582,0.559599156,0.462552743,0.732594937,0.718881857,0.458860759,0.733649789,0.404535865,0.680379747,0.378691983,0.169831224,0.478639241,0.745516878,0.742616034,0.669831224,0.604957806,0.275843882,0.805907173,0.976661392,0.964530591,0.720991561,0.388713080,0.370780591,0.609177215,0.498417722,0.720464135,0.695147679,0.405590717,0.688291139,0.300105485,0.494198312,0.466772152,0.299050633,0.552215190,0.625000000,0.371835443,0.249472574,0.236286920,0.322784810,0.543776371,0.923523207,0.462552743,0.656645570,0.673523207,0.652953586,0.819092827,0.794831224,0.422995781,0.857594937,0.483649789,0.186181435,0.362869198,0.604430380,0.625000000,10
0.291666667,0.602848101,0.564345992,0.496835443,0.745780591,0.413502110,0.552215190,0.871308017,0.995780591,1.000000000,1.000000000,1.000000000,1.000000000,1.000000000,1.000000000,0.997033228,0.986093256,0.879516086,0.907172996,1.000000000,1.000000000,1.000000000,0.973101266,0.919040084,0.841244726,0.917194093,0.662447257,0.297995781,0.515822785,0.719936709,0.888449367,1.000000000,1.000000000,1.000000000,1.000000000,1.000000000,1.000000000,1.000000000,1.000000000,0.994725738,0.963607595,0.919567511,0.872890295,0.838080169,0.869198312,0.912974684,0.959651899,1.000000000,1.000000000,0.993802743,0.978902954,0.962025316,0.993143460,1.000000000,1.000000000,1.000000000,1.000000000,1.000000000,1.000000000,0.992088608,0.898734177,0.805379747,0.775316456,0.837552743,0.899789030,0.916666667,0.880274262,0.790084388,0.758966245,0.772151899,0.803270042,0.836497890,0.929852321,0.969145570,0.984704641,0.999472574,0.968354430,0.958333333,0.947784810,0.916666667,18
0.125000000,0.616561181,0.739978903,0.387658228,0.522151899,0.483649789,0.669831224,0.444092827,0.540084388,0.703586498,0.222046414,0.291139241,0.425632911,0.201476793,0.508438819,0.702531646,0.301687764,0.304324895,0.250000000,0.167721519,0.521624473,0.279008439,0.180379747,0.467827004,0.559599156,0.406118143,0.300632911,0.543776371,0.198312236,0.259493671,0.386603376,0.691983122,0.607067511,0.302742616,0.357067511,0.718354430,0.318565401,0.075421941,0.280590717,0.552742616,0.271097046,0.226265823,0.561181435,0.513713080,0.233649789,0.497362869,0.612341772,0.364978903,0.219409283,0.404535865,0.157700422,0.199894515,0.273734177,0.188291139,0.339135021,0.481540084,0.381329114,0.257383966,0.321202532,0.619198312,0.436181435,0.276898734,0.602320675,0.550632911,0.325949367,0.396624473,0.474683544,0.410337553,0.337025316,0.440400844,0.507911392,0.348101266,0.273734177,0.472573840,0.617616034,0.254746835,0.399789030,0.170358650,0.162974684,0.000000000,2
0.291666667,0.776371308,0.447257384,0.605485232,0.546413502,0.620253165,0.561181435,0.467299578,0.796413502,0.333333333,0.350738397,0.405590717,0.250000000,0.330168776,0.466244726,0.529535865,0.404535865,0.062763713,0.693565401,0.478375527,0.675632911,0.325949367,0.376582278,0.448312236,0.263713080,0.420358650,0.458333333,0.195147679,0.470464135,0.356540084,0.530590717,0.498945148,0.858913502,0.974947257,1.000000000,0.136075949,0.870780591,0.725738397,0.504746835,0.711102321,0.351397679,0.599683544,0.268459916,0.799050633,0.290084388,0.187763713,0.443565401,0.769514768,0.699894515,0.521097046,0.822784810,0.696202532,0.278481013,0.336497890,0.451476793,0.706751055,0.621835443,0.599156118,0.974683544,0.717827004,0.346518987,0.805907173,0.640295359,0.309071730,0.656118143,0.529535865,0.429324895,0.433544304,0.561181435,0.272151899,0.614451477,0.222046414,0.816983122,0.791402954,0.350474684,0.578586498,0.409810127,0.704113924,0.321202532,0.916666667,10
0.916666667,0.259493671,0.601265823,0.254746835,0.400843882,0.543776371,0.348628692,0.555379747,0.079641350,0.123417722,0.273734177,0.771097046,0.255801688,0.395569620,0.731012658,0.339135021,0.295358650,0.066455696,0.237869198,0.255801688,0.679324895,0.417194093,0.524789030,0.838080169,0.246308017,0.455168776,0.333333333,0.045358650,0.219936709,0.256329114,0.375000000,0.071202532,0.376582278,0.213607595,0.181434599,0.626054852,0.397151899,0.325949367,0.423523207,0.238396624,0.228375527,0.652426160,0.175105485,0.236814346,0.304324895,0.468881857,0.655590717,0.544831224,0.310126582,0.286392405,0.762130802,0.540611814,0.257383966,0.565928270,0.372890295,0.185654008,0.754746835,0.413502110,0.133966245,0.403481013,0.615506329,0.261075949,0.384493671,0.372890295,0.357594937,0.578059072,0.582278481,0.303270042,0.329641350,0.537974684,0.278481013,0.095991561,0.298523207,0.416666667,0.168776371,0.176160338,0.222046414,0.219409283,0.413502110,0.958333333,14
0.750000000,0.277953586,0.359704641,0.334388186,0.534810127,0.626582278,0.264767932,0.536392405,0.702531646,0.315400844,0.734704641,0.679324895,0.323312236,0.652426160,0.544831224,0.279008439,0.597573840,0.564345992,0.364978903,0.695675105,0.554852321,0.187763713,0.473101266,0.314873418,0.046413502,0.742088608,0.593354430,0.353375527,0.588607595,0.408227848,0.313291139,0.614978903,0.415611814,0.206223629,0.756329114,0.487869198,0.390295359,0.592827004,0.524261603,0.304324895,0.152426160,0.271097046,0.627109705,0.226265823,0.511075949,0.545886076,0.283755274,0.476793249,0.631856540,0.282172996,0.487869198,0.615506329,0.218881857,0.366561181,0.588607595,0.192510549,0.630274262,0.606540084,0.339662447,0.554852321,0.571202532,0.198312236,0.414556962,0.564345992,0.245253165,0.579113924,0.670886076,0.277426160,0.538502110,0.390822785,0.272151899,0.588607595,0.224683544,0.251054852,0.262130802,0.293776371,0.296413502,0.481540084,0.572257384,0.166666667,8
0.208333333,0.640822785,0.323312236,0.227320675,0.462552743,0.369725738,0.447784810,0.446729958,0.792721519,0.621703586,0.247494726,0.614451477,0.878955696,0.946993671,0.839662447,0.374472574,0.353902954,0.398206751,0.756856540,0.903481013,0.948839662,0.922468354,0.877109705,1.000000000,0.951213080,0.527162447,0.347573840,0.503164557,0.330168776,0.250527426,0.316983122,0.696729958,0.339135021,0.558016878,0.212552743,0.571202532,0.845200422,0.913238397,0.973628692,1.000000000,0.858254219,0.535205696,0.206223629,0.563818565,0.254746835,0.537447257,0.625527426,0.227848101,0.781645570,0.875000000,0.534282700,0.299578059,0.272151899,0.386075949,0.745253165,0.976265823,1.000000000,0.962025316,0.284810127,0.443037975,0.276371308,0.535864979,0.833333333,0.857594937,0.888976793,0.911656118,0.845991561,0.208860759,0.452004219,0.208333333,0.208333333,0.268987342,0.353375527,0.328059072,0.254219409,0.232594937,0.169303797,0.296413502,0.789029536,0.125000000,0
0.750000000,0.917721519,1.000000000,1.000000000,1.000000000,1.000000000,1.000000000,1.000000000,1.000000000,1.000000000,1.000000000,1.000000000,1.000000000,1.000000000,1.000000000,1.000000000,1.000000000,1.000000000,1.000000000,1.000000000,1.000000000,1.000000000,1.000000000,1.000000000,1.000000000,1.000000000,1.000000000,1.000000000,1.000000000,1.000000000,1.000000000,1.000000000,1.000000000,1.000000000,1.000000000,1.000000000,1.000000000,1.000000000,1.000000000,0.993143460,0.965189873,0.979430380,1.000000000,1.000000000,1.000000000,1.000000000,1.000000000,1.000000000,1.000000000,1.000000000,1.000000000,1.000000000,1.000000000,1.000000000,1.000000000,1.000000000,1.000000000,0.939873418,0.772151899,0.871308017,0.926687764,0.842827004,0.833333333,0.811181435,0.755274262,0.825949367,0.909810127,0.993670886,1.000000000,1.000000000,1.000000000,1.000000000,0.987341772,0.959388186,0.958333333,0.971518987,0.999472574,0.972573840,0.958333333,0.958333333,10
0.333333333,0.333333333,0.559599156,0.888185654,0.962025316,0.990506329,1.000000000,1.000000000,1.000000000,1.000000000,1.000000000,1.000000000,1.000000000,1.000000000,1.000000000,1.000000000,1.000000000,1.000000000,1.000000000,1.000000000,1.000000000,1.000000000,1.000000000,1.000000000,1.000000000,1.000000000,1.000000000,1.000000000,1.000000000,0.976793249,0.969409283,0.998945148,1.000000000,0.991824895,0.951740506,0.759757384,0.848892405,0.983913502,0.998681435,0.862143987,0.670160865,0.466244726,0.554852321,0.503164557,0.472046414,0.678797468,0.885548523,0.891218354,0.647020042,0.388581224,0.494725738,0.778481013,0.911392405,0.973101266,0.917325949,0.706882911,0.445675105,0.468354430,0.699894515,0.906645570,0.980485232,1.000000000,1.000000000,1.000000000,1.000000000,1.000000000,1.000000000,1.000000000,1.000000000,1.000000000,1.000000000,1.000000000,0.989393790,0.791411195,0.525192840,0.360232068,0.655590717,0.829641350,0.916666667,0.916666667,14
0.458333333,0.479430380,0.582278481,0.351265823,0.718354430,0.937763713,0.983649789,0.527426160,0.569620253,0.283227848,0.705696203,0.476265823,0.363396624,0.545886076,0.409810127,0.350210970,0.327531646,0.645569620,0.407172996,0.448839662,0.213607595,0.474683544,0.865506329,0.792194093,0.475210970,0.476793249,0.512658228,0.436181435,0.249472574,0.676687764,0.296413502,0.387658228,0.288502110,0.627109705,0.551687764,0.340717300,0.712552743,0.875000000,0.839662447,0.912447257,0.835443038,0.881329114,0.911392405,0.888449367,0.893987342,0.951476793,0.917457806,0.814214135,0.899261603,0.195147679,0.648734177,0.979430380,0.841772152,0.535864979,0.244725738,0.285864979,0.222046414,0.658755274,0.900843882,0.794831224,0.230485232,0.559071730,0.682489451,0.339135021,0.256329114,0.398734177,0.824367089,0.328059072,0.388185654,0.910337553,0.895569620,0.250000000,0.237869198,0.290084388,0.272679325,0.174578059,0.266350211,0.457805907,0.762130802,0.791666667,4
0.750000000,0.908227848,0.979957806,1.000000000,0.988528481,0.759098101,0.471650844,0.423523207,0.728902954,0.934599156,0.991561181,1.000000000,0.996736551,0.974980222,0.910370517,0.924050633,1.000000000,1.000000000,0.989517405,0.937302215,0.882911392,0.914556962,0.946202532,0.919303797,0.903481013,0.998417722,0.937763713,0.916666667,0.872362869,0.752637131,0.831751055,0.910864979,0.933016878,0.882911392,0.977848101,1.000000000,1.000000000,1.000000000,1.000000000,1.000000000,1.000000000,1.000000000,1.000000000,1.000000000,1.000000000,1.000000000,1.000000000,1.000000000,1.000000000,1.000000000,1.000000000,0.938818565,0.957805907,1.000000000,1.000000000,1.000000000,1.000000000,0.987869198,0.960443038,0.992088608,0.988132911,0.958597046,0.911128692,0.863660338,0.816191983,0.501054852,0.116033755,0.812236287,0.930116034,0.945938819,0.917194093,0.727320675,0.537447257,0.569092827,0.666139241,0.507911392,0.349683544,0.492088608,0.618143460,0.333333333,16
0.458333333,0.813818565,0.533227848,0.483122363,0.629746835,0.196202532,0.787974684,0.455696203,0.615506329,0.493143460,0.316983122,0.337025316,0.479430380,0.574367089,0.649261603,0.402953586,0.896097046,0.460443038,0.558544304,0.443565401,0.309071730,0.579113924,0.380274262,0.608122363,0.546940928,0.345464135,0.754746835,0.339662447,0.734177215,0.503164557,0.430907173,0.291666667,0.490506329,0.530063291,0.578586498,0.555379747,0.339135021,0.703059072,0.517932489,0.363924051,0.215189873,0.660337553,0.384493671,0.757911392,0.566983122,0.644514768,0.753164557,0.374472574,0.744198312,0.273734177,0.021097046,0.284810127,0.416666667,0.960443038,0.491033755,0.574894515,0.645569620,0.463607595,0.991033755,0.300105485,0.349683544,0.641877637,0.350738397,0.729430380,0.344936709,0.704113924,0.574367089,0.419303797,0.823312236,0.359177215,0.752109705,0.470464135,0.848101266,0.880801688,0.150316456,0.524789030,0.369725738,0.350738397,0.377109705,0.208333333,20
0.458333333,0.149789030,0.298523207,0.319092827,0.366033755,0.752373418,0.769514768,0.786656118,0.549050633,0.307489451,0.369725738,0.882911392,0.334388186,0.308016878,0.268459916,0.208333333,0.208333333,0.208333333,0.680907173,0.857594937,0.943301688,1.000000000,1.000000000,1.000000000,1.000000000,1.000000000,0.950949367,0.888449367,0.939873418,0.991297468,1.000000000,1.000000000,0.917721519,0.787974684,0.993670886,1.000000000,1.000000000,1.000000000,1.000000000,1.000000000,1.000000000,1.000000000,1.000000000,0.699367089,0.284282700,0.573839662,0.265295359,0.571729958,0.852848101,0.964926160,0.982067511,0.999208861,0.967299578,0.933016878,0.952531646,1.000000000,1.000000000,1.000000000,1.000000000,1.000000000,1.000000000,1.000000000,1.000000000,1.000000000,1.000000000,1.000000000,1.000000000,1.000000000,1.000000000,1.000000000,1.000000000,1.000000000,1.000000000,0.992088608,0.889240506,0.431962025,0.382911392,0.566455696,0.720727848,0.875000000,0
0.541666667,0.608649789,0.621308017,0.476265823,0.793776371,0.441455696,0.594409283,0.661919831,0.339662447,0.713080169,0.662447257,0.217299578,0.730485232,0.500527426,0.389240506,0.825949367,0.356540084,0.635548523,0.702004219,0.316983122,0.580696203,0.585970464,0.351265823,0.725210970,0.398206751,0.506592827,0.111023207,0.641877637,0.462552743,0.388713080,0.616561181,0.413502110,0.497890295,0.590717300,0.182489451,0.456751055,0.214135021,0.493670886,0.342299578,0.592827004,0.513713080,0.217299578,0.764767932,0.273206751,0.025316456,0.280590717,0.522679325,0.314345992,0.609704641,0.223101266,0.646097046,0.384493671,0.252637131,0.591772152,0.382911392,0.314873418,0.198839662,0.236286920,0.468354430,0.335443038,0.928797468,0.842299578,0.885021097,0.911392405,0.132383966,0.557489451,0.484177215,0.851265823,0.236814346,0.469409283,0.477848101,0.224683544,0.507911392,0.277953586,0.373417722,0.445147679,0.250527426,0.319092827,0.361286920,0.125000000,10
0.500000000,0.284810127,0.324894515,0.636603376,0.351265823,0.436708861,0.773734177,0.351265823,0.372362869,0.575949367,0.358649789,0.043248945,0.117088608,0.649261603,0.231540084,0.353902954,0.260548523,0.616561181,0.230485232,0.489451477,0.504219409,0.419831224,0.384493671,0.389240506,0.182489451,0.360232068,0.246308017,0.512130802,0.282172996,0.337552743,0.413502110,0.324894515,0.272151899,0.840717300,0.410337553,0.265295359,0.633438819,0.547995781,0.277426160,0.563291139,0.563291139,0.314873418,0.488924051,0.517405063,0.421940928,0.570675105,0.693037975,0.408755274,0.534810127,0.291139241,0.271624473,0.624472574,0.377637131,0.605485232,0.710443038,0.267932489,0.352320675,0.230485232,0.235232068,0.496835443,0.385548523,0.562763713,0.081751055,0.582805907,0.291666667,0.435126582,0.390295359,0.360232068,0.969936709,0.470464135,0.372890295,0.117616034,0.499472574,0.565928270,0.359704641,0.540084388,0.657700422,0.380801688,0.351265823,0.208333333,10
1.000000000,1.000000000,0.974156118,0.976265823,1.000000000,1.000000000,1.000000000,0.949334124,0.800468091,0.593881857,0.450421941,0.720464135,0.479430380,0.596518987,0.756065401,0.671677215,0.587289030,0.551160338,0.808544304,1.000000000,0.945147679,0.724683544,0.437763713,0.585970464,0.837552743,1.000000000,0.977254747,0.686115506,0.259691456,0.474156118,0.849683544,0.782172996,0.714662447,0.463607595,0.613132911,0.801424051,0.776107595,0.750791139,0.422995781,0.544040084,0.809862869,0.923457278,0.674512131,0.425566983,0.159810127,0.269514768,0.641350211,0.922995781,0.990506329,0.912974684,0.748417722,0.559071730,0.408755274,0.358122363,0.307489451,0.546940928,0.581751055,0.402426160,0.908755274,0.983122363,1.000000000,1.000000000,1.000000000,1.000000000,1.000000000,1.000000000,0.982467201,0.891766383,0.671413502,0.333860759,0.409810127,0.544831224,0.597573840,0.585179325,0.838343882,0.925369198,0.867813819,0.753889768,0.603375527,0.333333333,10
0.583333333,0.539556962,0.466772152,0.637658228,0.770569620,0.593881857,0.698312236,0.875000000,0.875000000,0.841772152,0.692246835,0.676160338,0.929324895,0.972046414,0.988924051,0.933148734,0.925632911,1.000000000,1.000000000,0.979957806,0.620780591,0.468881857,0.462552743,0.503164557,0.827531646,0.984704641,0.958860759,0.894778481,0.550105485,0.447257384,0.268459916,0.404535865,0.897151899,0.930379747,0.916666667,0.289029536,0.322257384,0.060126582,0.202004219,0.126054852,0.588080169,0.923523207,0.041666667,0.041666667,0.041666667,0.111286920,0.466244726,0.107067511,0.226265823,0.311708861,0.297468354,0.253164557,0.508438819,0.195147679,0.494725738,0.802215190,0.468354430,0.268459916,0.291666667,0.373945148,0.544831224,0.420886076,0.297468354,0.581223629,0.672468354,0.705696203,0.917721519,0.970991561,0.868143460,0.864451477,0.971518987,0.983386076,0.962025316,0.993670886,1.000000000,0.925105485,0.993670886,1.000000000,0.939082278,0.875000000,4
0.208333333,0.627109705,0.511075949,0.172468354,0.519514768,0.748945148,0.309599156,0.360759494,0.173523207,0.851265823,0.491033755,0.539029536,0.254219409,0.476793249,0.695147679,0.289556962,0.750527426,0.589135021,0.291139241,0.706751055,0.575949367,0.294303797,0.618143460,0.285864979,0.212552743,0.322257384,0.429852321,0.688291139,0.321729958,0.356540084,0.603375527,0.325949367,0.381329114,0.632911392,0.362869198,0.407172996,0.696729958,0.247890295,0.350738397,0.501054852,0.131329114,0.189873418,0.377109705,0.290611814,0.509493671,0.688818565,0.319620253,0.535337553,0.657172996,0.251054852,0.586497890,0.553270042,0.260548523,0.758966245,0.360232068,0.774261603,0.501054852,0.390295359,0.709388186,0.448312236,0.386603376,0.602848101,0.468354430,0.330168776,0.757383966,0.266350211,0.261603376,0.148206751,0.440928270,0.680907173,0.171413502,0.306962025,0.391350211,0.142932489,0.611814346,0.607067511,0.297995781,0.563818565,0.656118143,0.291666667,22
0.708333333,0.200421941,0.533755274,0.578059072,0.425632911,0.500000000,0.373417722,0.527953586,0.489978903,0.230485232,0.374472574,0.304852321,0.226793249,0.644514768,0.468881857,0.757911392,0.648206751,0.668776371,0.578586498,0.464662447,0.217827004,0.567510549,0.524789030,0.599156118,0.417194093,0.605485232,0.783227848,0.630274262,0.332805907,0.252637131,0.360759494,0.040611814,0.241561181,0.311181435,0.713080169,0.530590717,0.255274262,0.757911392,0.534282700,0.774789030,0.319092827,0.789029536,0.541666667,0.475210970,0.268723629,0.607594937,0.711497890,0.678270042,0.349683544,0.091244726,0.739451477,0.597046414,0.644514768,0.430379747,0.283755274,0.345464135,0.683016878,0.681962025,0.333860759,0.718090717,0.926160338,0.610693565,0.467827004,0.692510549,0.726793249,0.524789030,0.703586498,0.973101266,0.686181435,0.172732068,0.131329114,0.585443038,0.392405063,0.333333333,0.508175105,0.867220464,0.996835443,1.000000000,1.000000000,1.000000000,6
0.250000000,0.729957806,0.564345992,0.689873418,0.818037975,0.427215190,0.804324895,0.453586498,0.697257384,0.671413502,0.373417722,0.768459916,0.391350211,0.710443038,0.529008439,0.208333333,0.208333333,0.208333333,0.815928270,0.510021097,0.553797468,0.719409283,0.263185654,0.708860759,0.438818565,0.641877637,0.678797468,0.500527426,0.928270042,0.276898734,0.679324895,0.958860759,1.000000000,1.000000000,1.000000000,1.000000000,1.000000000,1.000000000,0.988924051,0.899261603,0.350738397,0.750527426,0.475738397,0.378164557,0.821202532,0.939082278,0.990506329,1.000000000,1.000000000,1.000000000,1.000000000,1.000000000,1.000000000,1.000000000,1.000000000,1.000000000,1.000000000,1.000000000,1.000000000,1.000000000,1.000000000,1.000000000,1.000000000,1.000000000,0.976216377,0.860994363,0.598101266,0.339662447,0.922468354,0.475738397,0.184599156,0.083333333,0.253691983,0.804852321,0.976265823,1.000000000,1.000000000,1.000000000,1.000000000,1.000000000,10
0.041666667,0.478375527,0.821729958,0.942510549,0.958333333,0.943037975,0.896624473,0.842827004,0.915611814,0.988396624,0.938818565,0.941983122,0.978375527,0.955696203,0.893987342,0.958333333,0.958333333,0.993670886,0.879746835,0.932489451,1.000000000,1.000000000,0.991033755,0.950949367,0.878164557,0.875000000,0.875000000,0.875000000,0.875000000,0.847573840,0.707278481,0.419303797,0.928797468,0.958333333,0.755274262,0.832805907,0.939873418,0.863924051,0.757911392,0.783755274,0.674578059,0.295358650,0.208333333,0.440400844,0.642932489,0.654008439,0.647151899,0.743670886,0.634493671,0.791139241,0.833333333,0.833333333,0.833333333,0.833333333,0.771624473,0.472573840,0.800105485,0.767932489,0.777426160,0.680907173,0.718354430,0.916666667,0.897679325,0.790611814,0.754219409,0.717827004,0.708333333,0.794831224,0.842299578,0.758438819,0.678270042,0.750263713,0.768459916,0.786656118,0.738924051,0.834915612,0.895042194,0.791666667,0.802215190,0.875000000,8
0.750000000,0.391877637,0.463607595,0.782700422,0.430907173,0.332805907,0.648734177,0.582278481,0.247890295,0.676160338,0.488396624,0.142405063,0.465189873,0.388185654,0.058016878,0.332278481,0.613924051,0.348628692,0.437236287,0.655063291,0.526898734,0.635548523,0.182489451,0.282700422,0.369198312,0.335970464,0.314873418,0.542721519,0.271097046,0.191983122,0.742088608,0.330696203,0.324367089,0.596518987,0.535337553,0.354957806,0.603902954,0.544831224,0.310654008,0.335443038,0.449367089,0.233649789,0.534282700,0.553270042,0.323312236,0.348628692,0.429852321,0.366033755,0.449894515,0.703059072,0.343881857,0.305907173,0.622362869,0.375527426,0.316455696,0.569620253,0.356540084,0.259493671,0.656645570,0.399261603,0.260548523,0.519514768,0.576476793,0.266350211,0.399261603,0.519514768,0.335443038,0.476265823,0.294831224,0.109704641,0.536392405,0.382911392,0.464135021,0.582805907,0.277426160,0.372362869,0.595464135,0.399789030,0.372362869,0.500000000,12
0.333333333,0.428270042,0.591772152,0.487341772,0.343354430,0.433016878,0.569620253,0.450421941,0.454113924,0.300632911,0.505274262,0.702531646,0.385548523,0.204641350,0.408227848,0.542721519,0.479430380,0.313291139,0.267405063,0.524261603,0.582278481,0.429324895,0.219936709,0.490506329,0.445147679,0.452531646,0.223628692,0.193565401,0.598101266,0.544303797,0.290084388,0.250527426,0.378164557,0.448839662,0.397679325,0.260548523,0.309599156,0.555379747,0.324367089,0.306962025,0.242616034,0.252109705,0.238396624,0.226265823,0.098101266,0.314873418,0.445675105,0.222046414,0.156645570,0.291139241,0.297468354,0.324894515,0.367616034,0.294303797,0.325949367,0.289029536,0.327004219,0.133438819,0.315928270,0.397679325,0.304852321,0.150843882,0.292194093,0.402953586,0.375527426,0.386603376,0.310654008,0.343881857,0.580168776,0.379746835,0.095991561,0.262130802,0.319620253,0.328059072,0.259493671,0.225738397,0.298523207,0.432489451,0.329641350,0.250000000,10
0.333333333,0.317510549,0.382911392,0.196729958,0.432489451,0.172995781,0.452531646,0.186708861,0.464926160,0.260021097,0.254219409,0.276371308,0.710443038,0.475210970,0.291666667,0.458333333,0.378164557,0.328586498,0.209915612,0.445675105,0.187763713,0.396097046,0.264767932,0.363924051,0.280063291,0.400843882,0.313818565,0.255274262,0.056962025,0.228902954,0.320675105,0.598101266,0.594409283,0.333333333,0.172468354,0.250000000,0.250000000,0.126582278,0.183016878,0.640295359,0.241561181,0.233649789,0.256856540,0.565400844,0.695675105,0.407964135,0.166666667,0.291666667,0.217827004,0.443037975,0.421677215,0.237869198,0.489451477,0.255274262,0.385021097,0.268459916,0.436181435,0.246308017,0.290611814,0.225210970,0.266350211,0.149261603,0.241561181,0.370253165,0.211497890,0.333860759,0.464135021,0.589135021,0.466244726,0.214662447,0.237869198,0.260021097,0.276898734,0.530063291,0.295886076,0.761603376,0.949367089,0.841772152,0.191455696,0.250000000,8
0.791666667,0.422995781,0.301160338,0.379219409,0.462025316,0.371835443,0.196202532,0.407172996,0.703059072,0.655590717,0.224156118,0.084915612,0.478902954,0.467299578,0.266350211,0.214662447,0.514767932,0.269514768,0.324367089,0.242088608,0.508438819,0.624472574,0.347573840,0.268459916,0.416139241,0.532172996,0.393459916,0.047995781,0.364451477,0.443565401,0.214135021,0.219409283,0.181434599,0.556434599,0.433016878,0.235232068,0.298523207,0.440928270,0.238396624,0.226793249,0.258438819,0.360759494,0.498417722,0.410337553,0.318565401,0.393987342,0.670886076,0.397151899,0.207278481,0.368670886,0.606012658,0.283755274,0.252109705,0.331223629,0.367616034,0.287447257,0.226793249,0.305907173,0.512658228,0.392405063,0.677215190,0.424050633,0.646624473,0.311708861,0.149261603,0.205168776,0.594409283,0.267405063,0.526371308,0.420886076,0.304324895,0.252637131,0.335970464,0.383438819,0.260021097,0.111814346,0.305907173,0.567510549,0.385548523,0.166666667,8
0.750000000,0.750000000,0.715717300,0.800105485,0.887130802,0.870253165,0.911392405,1.000000000,0.975738397,0.908227848,0.870253165,0.832278481,0.794303797,0.862341772,0.843354430,0.861286920,0.875000000,0.875000000,0.875000000,0.809071730,0.695147679,0.791666667,0.793776371,0.831751055,0.796940928,0.595464135,0.164556962,0.481012658,0.834915612,0.857067511,0.819092827,0.802215190,0.840189873,0.865506329,0.751582278,0.712552743,0.708333333,0.708333333,0.761075949,0.859704641,0.878691983,0.787447257,0.743143460,0.817510549,0.762658228,0.873945148,0.797995781,0.756856540,0.687763713,0.748945148,0.862869198,0.816455696,0.741033755,0.779008439,0.750000000,0.734177215,0.626582278,0.664556962,0.738396624,0.782172996,0.706223629,0.815400844,0.874472574,0.520042194,0.234177215,0.601793249,0.791666667,0.783755274,0.669831224,0.592827004,0.550105485,0.600738397,0.728375527,0.791666667,0.754746835,0.723101266,0.750000000,0.757383966,0.787974684,0.750000000,6
0.250000000,0.340717300,0.383966245,0.553797468,0.321729958,0.049578059,0.717827004,0.427742616,0.512658228,0.377637131,0.301160338,0.418776371,0.510548523,0.271097046,0.376054852,0.550105485,0.319620253,0.807489451,0.289029536,0.212025316,0.131329114,0.226793249,0.311181435,0.414556962,0.315928270,0.325421941,0.335443038,0.652953586,0.457805907,0.663502110,0.378691983,0.368143460,0.310126582,0.212552743,0.221518987,0.197257384,0.359177215,0.271624473,0.253691983,0.308016878,0.395042194,0.310126582,0.560126582,0.333860759,0.502637131,0.460443038,0.406118143,0.226793249,0.215189873,0.388185654,0.395042194,0.789029536,0.498945148,0.441455696,0.271624473,0.371835443,0.046940928,0.223628692,0.313291139,0.339662447,0.443037975,0.304852321,0.417721519,0.310126582,0.084388186,0.290084388,0.241561181,0.843881857,0.866033755,0.316983122,0.644514768,0.702531646,0.978902954,0.835970464,0.786919831,0.379746835,0.068565401,0.491561181,0.562236287,0.375000000,8
0.916666667,0.916666667,0.908227848,0.750000000,0.766877637,0.919303797,0.940664557,0.943565401,0.900316456,0.990506329,0.958333333,0.853902954,0.418776371,0.165084388,0.549578059,0.823312236,0.604957806,0.262130802,0.561181435,0.713080169,0.456751055,0.355485232,0.583860759,0.774261603,0.690400844,0.625000000,0.652426160,0.723628692,0.868143460,0.794303797,0.876582278,0.883966245,0.638713080,0.600738397,0.622099156,0.292721519,0.857594937,0.682489451,0.666666667,0.666666667,0.625527426,0.669831224,0.752637131,0.773206751,0.597573840,0.615506329,0.082805907,0.386603376,0.827531646,0.808016878,0.466244726,0.821202532,0.818037975,0.818037975,0.754219409,0.849683544,0.840189873,0.717827004,0.703059072,0.791666667,0.402426160,0.245780591,0.226793249,0.331223629,0.629219409,0.627637131,0.834915612,0.378164557,0.395569620,0.624472574,0.698839662,0.243143460,0.330696203,0.657700422,0.671940928,0.591772152,0.583333333,0.385548523,0.090717300,0.583333333,18
0.625000000,0.958333333,1.000000000,0.677083333,0.250000000,0.708333333,0.958333333,0.625000000,0.291666667,0.125000000,0.416666667,0.541666667,0.666666667,0.166666667,0.916666667,1.000000000,0.895833333,0.791666667,0.375000000,0.312500000,0.250000000,0.666666667,0.458333333,0.416666667,0.208333333,0.458333333,1.000000000,1.000000000,0.687500000,0.333333333,0.750000000,0.875000000,0.208333333,0.625000000,0.958333333,0.812500000,0.666666667,0.125000000,0.875000000,0.625000000,0.208333333,0.666666667,0.812500000,0.958333333,1.000000000,1.000000000,1.000000000,0.250000000,0.333333333,0.791666667,0.750000000,0.291666667,0.625000000,0.708333333,0.208333333,0.583333333,0.250000000,0.541666667,0.833333333,0.541666667,1.000000000,0.416666667,0.708333333,0.333333333,0.875000000,1.000000000,0.968750000,0.875000000,0.083333333,0.416666667,0.000000000,0.291666667,0.541666667,0.833333333,0.750000000,0.750000000,0.666666667,0.000000000,0.541666667,0.541666667,2
0.333333333,0.415084388,0.525843882,0.375000000,0.340189873,0.323839662,0.265822785,0.375000000,0.375000000,0.384493671,0.640822785,0.356276371,0.481012658,0.663502110,0.339662447,0.471518987,0.751582278,0.425105485,0.639240506,0.427742616,0.284282700,0.319092827,0.159282700,0.319620253,0.497362869,0.757911392,0.455168776,0.267932489,0.365506329,0.291666667,0.318037975,0.374472574,0.348628692,0.342299578,0.220991561,0.576476793,0.433544304,0.675105485,0.377637131,0.264767932,0.421413502,0.272151899,0.365506329,0.324894515,0.315400844,0.258438819,0.255274262,0.732594937,0.292194093,0.287447257,0.418776371,0.214662447,0.345464135,0.710970464,0.516350211,0.628164557,0.869725738,0.401371308,0.578059072,0.678797468,0.621835443,0.674050633,0.865506329,0.427742616,0.504746835,0.735759494,0.358649789,0.177742616,0.437236287,0.325949367,0.349156118,0.305907173,0.296413502,0.744198312,0.331751055,0.483122363,0.291666667,0.220464135,0.303797468,0.291666667,24
