1,2,3,4,5,6,7,8,9,10,11,12,13,14,15,16,17,18,19,20,21,22,23,24,25,26,27,28,29,30,31,32,33,34,35,36,37,38,39,40,41,42,43,44,45,46,47,48,49,50,51,52,53,54,55,56,57,58,59,60,61,62,63,64,65,66,67,68,69,70,71,72,73,74,75,76,77,78,79,80,压力
0.583333333,0.933016878,0.683676160,0.426555907,0.812236287,0.677215190,0.474156118,0.686181435,0.483649789,0.384493671,0.775316456,0.600210970,0.332805907,0.152426160,0.467827004,0.710443038,0.550632911,0.336497890,0.613396624,0.708333333,0.552742616,0.500000000,0.650316456,0.915084388,1.000000000,0.946598101,0.806566456,0.503164557,0.657436709,0.687236287,0.491824895,0.340717300,0.440400844,0.371835443,0.273734177,0.454113924,0.424578059,0.313818565,0.419831224,0.679324895,0.926160338,0.882252110,0.596650844,0.549578059,0.542194093,0.512658228,0.680379747,0.515822785,0.334915612,0.287447257,0.416666667,0.505274262,0.602584388,0.417457806,0.463080169,0.820675105,0.706751055,0.482594937,0.420886076,0.491033755,0.763185654,0.589135021,0.651371308,0.291666667,0.354957806,0.595464135,0.513185654,0.769514768,0.625527426,0.441983122,0.098628692,0.579641350,0.887130802,0.564345992,0.367616034,0.881329114,0.995253165,0.869725738,0.664029536,0.458333333,6
1.000000000,0.251582278,0.301160338,0.397679325,0.338607595,0.793776371,0.577531646,0.361286920,0.296940928,0.556962025,0.587552743,0.406118143,0.276371308,0.578586498,0.581751055,0.629746835,0.840717300,0.576476793,0.686181435,0.551160338,0.363396624,0.100738397,0.563818565,0.339135021,0.823312236,0.242088608,0.043776371,0.053270042,0.486814346,0.300105485,0.404008439,0.524261603,0.312763713,0.562763713,0.637130802,0.598101266,0.397151899,0.308544304,0.370253165,0.456751055,0.283755274,0.338607595,0.739978903,0.954113924,1.000000000,1.000000000,1.000000000,0.901898734,0.566455696,0.356540084,0.295886076,0.525843882,0.216772152,0.461497890,0.680907173,0.151898734,0.094936709,0.681434599,0.438818565,0.841640295,0.787579114,0.684071730,0.630274262,0.677215190,0.392405063,0.269514768,0.354957806,0.325949367,0.662447257,0.518987342,0.688818565,0.974683544,1.000000000,1.000000000,1.000000000,1.000000000,1.000000000,0.996390427,0.679176556,0.333333333,16
0.875000000,0.377637131,0.948312236,0.426160338,0.340717300,0.403481013,0.367088608,0.280063291,0.191983122,0.388185654,0.517932489,0.475210970,0.162974684,0.382383966,0.664029536,0.406645570,0.225738397,0.471518987,0.498945148,0.476793249,0.645042194,0.498417722,0.213080169,0.257911392,0.497362869,0.387130802,0.179852321,0.234704641,0.497362869,0.348628692,0.255801688,0.342299578,0.424050633,0.390822785,0.155063291,0.146097046,0.361814346,0.183016878,0.271624473,0.395042194,0.550105485,0.684599156,0.291139241,0.235232068,0.305379747,0.484704641,0.199367089,0.251054852,0.373417722,0.387130802,0.256856540,0.301687764,0.306962025,0.222573840,0.251054852,0.085970464,0.369725738,0.638713080,0.244725738,0.193565401,0.491033755,0.701476793,0.446202532,0.225738397,0.258966245,0.143459916,0.360759494,0.397679325,0.286392405,0.226793249,0.398734177,0.562236287,0.333860759,0.262658228,0.366033755,0.410337553,0.363924051,0.131856540,0.377637131,0.625000000,20
0.583333333,0.546413502,0.413502110,0.308544304,0.680643460,0.626582278,0.650843882,0.322257384,0.181434599,0.717299578,0.208860759,0.368143460,0.391350211,0.236286920,0.181434599,0.652953586,0.887658228,0.364451477,0.209388186,0.270042194,0.385021097,0.216772152,0.733649789,0.326476793,0.188291139,0.345464135,0.382383966,0.585970464,0.475210970,0.247890295,0.198312236,0.257383966,0.249472574,0.774261603,0.342827004,0.328586498,0.304852321,0.222046414,0.596518987,0.716244726,0.436181435,0.120253165,0.285864979,0.391877637,0.437236287,0.238396624,0.293248945,0.415611814,0.344409283,0.222046414,0.686181435,0.707805907,0.292721519,0.256329114,0.280590717,0.484704641,0.408755274,0.224683544,0.372362869,0.416139241,0.357594937,0.251054852,0.532700422,0.200421941,0.276898734,0.238924051,0.391877637,0.583860759,0.202004219,0.026371308,0.207805907,0.348101266,0.352848101,0.288502110,0.274789030,0.132383966,0.265295359,0.454641350,0.335443038,0.166666667,18
0.333333333,0.333333333,0.666666667,0.666666667,0.666666667,0.625000000,0.458333333,0.333333333,0.083333333,0.750000000,0.854166667,0.958333333,0.375000000,0.250000000,0.458333333,0.541666667,0.125000000,0.583333333,0.875000000,0.541666667,0.416666667,0.208333333,0.500000000,0.250000000,0.958333333,0.375000000,0.916666667,1.000000000,1.000000000,1.000000000,0.684895833,0.125000000,0.750000000,0.604166667,0.458333333,0.875000000,0.250000000,0.750000000,0.520833333,0.291666667,0.375000000,0.458333333,0.916666667,0.625000000,1.000000000,1.000000000,1.000000000,0.833333333,0.458333333,0.645833333,0.833333333,0.541666667,0.958333333,0.770833333,0.583333333,0.625000000,0.416666667,0.208333333,0.458333333,0.250000000,0.833333333,0.541666667,0.250000000,0.333333333,0.500000000,0.625000000,0.000000000,0.541666667,0.333333333,0.916666667,0.333333333,0.250000000,0.500000000,0.666666667,0.541666667,0.583333333,0.333333333,0.520833333,0.708333333,0.583333333,14
0.291666667,0.603375527,0.897943038,1.000000000,1.000000000,1.000000000,0.890184105,0.407832278,0.585443038,0.389767932,0.713080169,0.917721519,0.510548523,0.734177215,0.321202532,0.450949367,0.584915612,0.318565401,0.770042194,0.400316456,0.397151899,0.573839662,0.255274262,0.566455696,0.542721519,0.410864979,0.785864979,0.377637131,0.466772152,0.334915612,0.347046414,0.329377637,0.252637131,0.381329114,0.137130802,0.527953586,0.368143460,0.600210970,0.277953586,0.252373418,0.323839662,0.207278481,0.457278481,0.376054852,0.657172996,0.418248945,0.531118143,0.752109705,0.372890295,0.640295359,0.377637131,0.368143460,0.295358650,0.410337553,0.320675105,0.291666667,0.165084388,0.947784810,0.357594937,0.417721519,0.531118143,0.229957806,0.328059072,0.276898734,0.322784810,0.273734177,0.452004219,0.446729958,0.566455696,0.250000000,0.724683544,0.617616034,0.465189873,0.291666667,0.363396624,0.215717300,0.331223629,0.348628692,0.356012658,0.375000000,26
0.333333333,0.425632911,0.312763713,0.368143460,0.505274262,0.336497890,0.347046414,0.326476793,0.354430380,0.312763713,0.370780591,0.323312236,0.422468354,0.864978903,0.286919831,0.495780591,0.292194093,0.410337553,0.309071730,0.353902954,0.329113924,0.389240506,0.320675105,0.420358650,0.475210970,0.437236287,0.294303797,0.446202532,0.315400844,0.402953586,0.266877637,0.475210970,0.251582278,0.579641350,0.509493671,0.316983122,0.399261603,0.222573840,0.299578059,0.311181435,0.372362869,0.266877637,0.305379747,0.064873418,0.309599156,0.496308017,0.663502110,0.867088608,0.229957806,0.445675105,0.263713080,0.277426160,0.439345992,0.365506329,0.805907173,0.301687764,0.443037975,0.250000000,0.333333333,0.201476793,0.520569620,0.618143460,0.408755274,0.334915612,0.214662447,0.347046414,0.226793249,0.402426160,0.229957806,0.193037975,0.805907173,0.385021097,0.441983122,0.196202532,0.417721519,0.312763713,0.334388186,0.380274262,0.347573840,0.333333333,16
0.291666667,0.346518987,0.559599156,0.350210970,0.435654008,0.809071730,0.754219409,0.297468354,0.388185654,0.689345992,0.542194093,0.453586498,0.583333333,0.551160338,0.391877637,0.207805907,0.614451477,0.489978903,0.396624473,0.332805907,0.319092827,0.670886076,0.432489451,0.416666667,0.317510549,0.439873418,0.333333333,0.446729958,0.398206751,0.421413502,0.558544304,0.368670886,0.338607595,0.356540084,0.333333333,0.404008439,0.397151899,0.329641350,0.372890295,0.476793249,0.312236287,0.285337553,0.437236287,0.538502110,0.259493671,0.513185654,0.477320675,0.406645570,0.772151899,0.417721519,0.260021097,0.289556962,0.487869198,0.511075949,0.370253165,0.530590717,0.719409283,0.313818565,0.712552743,0.304852321,0.291139241,0.450949367,0.392405063,0.757383966,0.543248945,0.608122363,0.190400844,0.416666667,0.503164557,0.304852321,0.699367089,0.494725738,0.321729958,0.224683544,0.087025316,0.453059072,0.235759494,0.551160338,0.607067511,0.458333333,26
0.500000000,0.955696203,0.451476793,0.455696203,0.392405063,0.426160338,0.636603376,0.854957806,0.946202532,0.908227848,0.879746835,0.911392405,0.721518987,0.602320675,0.425105485,0.458860759,0.548523207,0.562763713,0.626054852,0.763185654,0.801160338,0.833333333,0.841772152,0.993670886,0.344936709,0.446202532,0.790084388,0.866033755,0.919831224,0.946202532,0.647151899,0.261075949,0.505801688,0.959915612,0.978902954,0.997890295,0.932489451,0.976793249,1.000000000,0.977320675,0.958333333,0.958333333,0.935126582,0.756329114,0.287974684,0.620253165,0.278481013,0.528481013,0.723364979,0.894251055,0.934599156,0.956751055,0.852848101,0.498417722,0.342827004,0.764767932,0.312236287,0.805907173,0.295358650,0.658755274,0.620780591,0.392932489,0.544831224,0.878691983,1.000000000,1.000000000,0.945411392,0.605353376,0.097441983,0.083333333,0.382383966,0.384493671,0.289556962,0.449367089,0.514240506,0.478375527,0.755274262,0.988924051,0.931962025,0.875000000,12
0.291666667,0.470464135,0.589662447,0.183544304,0.649789030,0.628691983,0.391877637,0.495780591,0.564345992,0.249472574,0.575949367,0.554852321,0.358649789,0.380274262,0.582805907,0.380801688,0.532700422,0.535864979,0.323312236,0.417721519,0.542194093,0.286919831,0.371835443,0.399261603,0.367088608,0.726793249,0.436708861,0.549050633,0.386603376,0.154535865,0.426687764,0.457278481,0.268459916,0.460443038,0.456751055,0.222573840,0.540084388,0.572784810,0.256329114,0.446729958,0.530590717,0.091244726,0.575421941,0.565400844,0.026898734,0.597573840,0.566983122,0.250527426,0.621835443,0.592299578,0.411919831,0.576476793,0.742088608,0.316455696,0.510548523,0.357594937,0.212025316,0.529535865,0.463080169,0.207278481,0.350738397,0.189345992,0.160337553,0.445147679,0.504746835,0.553797468,0.471518987,0.587025316,0.383438819,0.347573840,0.554852321,0.294303797,0.239451477,0.520569620,0.347046414,0.398734177,0.616561181,0.331223629,0.361814346,0.458333333,6
0.708333333,0.583333333,0.333333333,0.250000000,0.416666667,0.250000000,0.875000000,0.333333333,0.208333333,0.458333333,0.833333333,0.541666667,0.458333333,0.375000000,0.791666667,0.291666667,0.000000000,0.708333333,0.750000000,0.541666667,0.375000000,0.250000000,0.416666667,0.125000000,0.333333333,0.333333333,0.666666667,0.458333333,0.333333333,0.208333333,0.750000000,0.333333333,0.291666667,0.500000000,0.916666667,0.458333333,0.333333333,0.750000000,0.979166667,0.906250000,0.833333333,0.333333333,0.812500000,1.000000000,0.838541667,0.666666667,0.333333333,0.812500000,1.000000000,1.000000000,1.000000000,1.000000000,1.000000000,0.812500000,0.625000000,0.333333333,0.166666667,1.000000000,0.166666667,0.291666667,0.500000000,0.375000000,0.291666667,0.541666667,0.416666667,0.208333333,0.375000000,0.375000000,0.916666667,0.666666667,0.416666667,0.708333333,1.000000000,0.958333333,0.916666667,1.000000000,1.000000000,1.000000000,1.000000000,1.000000000,14
0.583333333,0.760548523,0.694092827,0.526371308,0.674050633,0.617616034,0.615506329,0.822257384,0.721518987,0.674578059,0.689345992,0.704113924,0.824367089,0.950949367,0.995253165,1.000000000,1.000000000,1.000000000,1.000000000,1.000000000,0.985232068,0.926160338,0.966244726,1.000000000,1.000000000,1.000000000,1.000000000,1.000000000,1.000000000,1.000000000,1.000000000,1.000000000,1.000000000,1.000000000,0.987341772,0.898734177,0.939873418,1.000000000,1.000000000,1.000000000,0.985232068,0.960970464,0.990506329,1.000000000,0.998022152,0.990638186,0.919963080,0.901371308,0.959388186,0.988924051,1.000000000,1.000000000,1.000000000,0.910996835,0.724815401,0.422072785,0.155590717,0.277953586,0.658227848,0.864978903,0.960970464,1.000000000,1.000000000,1.000000000,1.000000000,1.000000000,1.000000000,1.000000000,1.000000000,1.000000000,0.948312236,0.944092827,0.998417722,0.968881857,0.920358650,0.895569620,0.984177215,1.000000000,1.000000000,1.000000000,26
0.375000000,0.513185654,0.713607595,0.670886076,0.343881857,0.348628692,0.354957806,0.439873418,0.332278481,0.344936709,0.205696203,0.576476793,0.443565401,0.161919831,0.383438819,0.772679325,0.333860759,0.412974684,0.863396624,0.724156118,0.380801688,0.386075949,0.604430380,0.515822785,0.573839662,0.648734177,0.498417722,0.646097046,0.534282700,0.667194093,0.408755274,0.856012658,0.383438819,0.671413502,0.354957806,0.654535865,0.388713080,0.450421941,0.646624473,0.503691983,0.658755274,0.392932489,0.565928270,0.437763713,0.725738397,0.479957806,0.720464135,0.262658228,0.772679325,0.329641350,0.635812236,0.436445148,0.376582278,0.465189873,0.493670886,0.552742616,0.567510549,0.934599156,1.000000000,0.782041139,0.408227848,0.763713080,0.987341772,0.979430380,0.880801688,0.251054852,0.561181435,0.548523207,0.883966245,1.000000000,0.834124473,0.372890295,0.496308017,0.920886076,1.000000000,0.719936709,0.287447257,0.281118143,0.096518987,0.625000000,12
0.833333333,0.886339662,0.939345992,0.844936709,0.831751055,0.968354430,0.992616034,0.921940928,0.916666667,0.943037975,0.958333333,0.930907173,0.882383966,0.918776371,0.989451477,0.969936709,0.934599156,0.881856540,0.877637131,0.976265823,0.799578059,0.825421941,0.805907173,0.791666667,0.806434599,0.867088608,0.997890295,0.962552743,0.927215190,0.916666667,0.953586498,0.963607595,0.880801688,0.916139241,0.847046414,0.804852321,0.835970464,0.827531646,0.768987342,0.827004219,0.756329114,0.943037975,0.870780591,0.772151899,0.776371308,0.826476793,0.794303797,0.970991561,0.911392405,0.875000000,0.841244726,0.791666667,0.791666667,0.791666667,0.891350211,0.916666667,0.752109705,0.469409283,0.273734177,0.387658228,0.670358650,0.677742616,0.739451477,0.791666667,0.814873418,0.843354430,0.631329114,0.762130802,0.847573840,0.788502110,0.723628692,0.776898734,0.877637131,0.912974684,0.853375527,0.833333333,0.852320675,0.837025316,0.737341772,0.666666667,16
0.166666667,0.171940928,0.299050633,0.667721519,0.538502110,0.461497890,0.335970464,0.219409283,0.529535865,0.611286920,0.775843882,0.460443038,0.436708861,0.887130802,0.031118143,0.023206751,0.364451477,0.604957806,0.252637131,0.530063291,0.535337553,0.426687764,0.289556962,0.661392405,0.324894515,0.024789030,0.266350211,0.225210970,0.629219409,0.350738397,0.263185654,0.302742616,0.335970464,0.573839662,0.270042194,0.514504219,0.154008439,0.553270042,0.344936709,0.356012658,0.107594937,0.518459916,0.513185654,0.462289030,0.543776371,0.443565401,0.415611814,0.636603376,0.521097046,0.268987342,0.668776371,0.397151899,0.059071730,0.566455696,0.382911392,0.274261603,0.746308017,0.458333333,0.639240506,0.326476793,0.500000000,0.367088608,0.110759494,0.142405063,0.360759494,0.344409283,0.285337553,0.225738397,0.484177215,0.782964135,0.252637131,0.469936709,0.359704641,0.578586498,0.509493671,0.593354430,0.358649789,0.312236287,0.492616034,0.166666667,10
0.833333333,0.875000000,0.875000000,0.837025316,0.771624473,0.932489451,0.863396624,0.727848101,0.758966245,0.848628692,0.969936709,0.930379747,0.916666667,0.093881857,0.356540084,0.129746835,0.479430380,0.720464135,0.688818565,0.675632911,0.899789030,0.975210970,0.958333333,0.304852321,0.563291139,0.142405063,0.367616034,0.062763713,0.405590717,0.142932489,0.634493671,0.830696203,0.821729958,0.853375527,0.670358650,0.226793249,0.102848101,0.361286920,0.638185654,0.786919831,0.794831224,0.870253165,0.809599156,0.752637131,0.860759494,0.815928270,0.441983122,0.273206751,0.228375527,0.305379747,0.109177215,0.260021097,0.687236287,0.755274262,0.954113924,0.894514768,0.812763713,0.765295359,0.372890295,0.385548523,0.759493671,0.727848101,0.696202532,0.773734177,0.719936709,0.083860759,0.420358650,0.708333333,0.728902954,0.803270042,0.708333333,0.675632911,0.332278481,0.249472574,0.639240506,0.837025316,0.810654008,0.756329114,0.095464135,0.416666667,14
0.208333333,0.469409283,0.674578059,0.343354430,0.393987342,0.603375527,0.541139241,0.210443038,0.393459916,0.198312236,0.614451477,0.300105485,0.375527426,0.265822785,0.288502110,0.413502110,0.302215190,0.578586498,0.550632911,0.267405063,0.288502110,0.444092827,0.297995781,0.092299578,0.265295359,0.294831224,0.329113924,0.330696203,0.756329114,0.935126582,0.905063291,0.578059072,0.584915612,0.276898734,0.426687764,0.556962025,0.475210970,0.137130802,0.459915612,0.508438819,0.151898734,0.303797468,0.175632911,0.475210970,0.166666667,0.094409283,0.174578059,0.263185654,0.358649789,0.192510549,0.263713080,0.676687764,0.294831224,0.235759494,0.494725738,0.530590717,0.146624473,0.398206751,0.445675105,0.255801688,0.115506329,0.716244726,0.466772152,0.181962025,0.307489451,0.691455696,0.361286920,0.220991561,0.469936709,0.534810127,0.235232068,0.360232068,0.577004219,0.239978903,0.104957806,0.714135021,0.743934599,0.959388186,0.447257384,0.125000000,22
0.625000000,0.504746835,0.384493671,0.485759494,0.694356540,0.914820675,0.282700422,0.603375527,0.849683544,0.710443038,0.857594937,1.000000000,1.000000000,1.000000000,0.892668776,0.672204641,0.541666667,0.556434599,0.411919831,0.215717300,0.556434599,0.166139241,0.006856540,0.089135021,0.412974684,0.366561181,0.208333333,0.208333333,0.403481013,0.566455696,0.834388186,0.326476793,0.469936709,0.883966245,0.970464135,0.958333333,0.668248945,0.301687764,0.143459916,0.103375527,0.143459916,0.411392405,0.734177215,0.848628692,0.875000000,0.875000000,0.896097046,0.962816456,0.982858650,1.000000000,1.000000000,0.997033228,0.951147152,0.875988924,0.162974684,0.656645570,0.853902954,0.979430380,0.900316456,0.906645570,0.931698312,0.951740506,0.985232068,0.924050633,0.946202532,0.911392405,0.874472574,0.916666667,0.916666667,0.916666667,0.845464135,0.746308017,0.844409283,0.870253165,0.850210970,0.833333333,0.828586498,0.788502110,0.726265823,0.125000000,12
0.791666667,0.810654008,0.073839662,0.611286920,0.703586498,0.773206751,0.894514768,0.875000000,0.390822785,0.607594937,0.292194093,0.089662447,0.719936709,0.913502110,0.532700422,0.424578059,0.209915612,0.790084388,0.176160338,0.267405063,0.611814346,0.382383966,0.629219409,0.450949367,0.551687764,0.263185654,0.895042194,0.189873418,0.150316456,0.359704641,0.307489451,0.130274262,0.118143460,0.055907173,0.210970464,0.316455696,0.176687764,0.088080169,0.241033755,0.363396624,0.127109705,0.131856540,0.394514768,0.223101266,0.064873418,0.689873418,0.754746835,0.454113924,0.514767932,0.178270042,0.737869198,0.589662447,0.286392405,0.204641350,0.214135021,0.515822785,0.750000000,0.871835443,0.185126582,0.042721519,0.655590717,0.841772152,0.219936709,0.145569620,0.501054852,0.341772152,0.073312236,0.214662447,0.370253165,0.184599156,0.042194093,0.053797468,0.067510549,0.316983122,0.282172996,0.149789030,0.722046414,0.085970464,0.314873418,0.625000000,18
0.791666667,0.952531646,1.000000000,0.970332278,0.885021097,0.700026371,0.297468354,0.100210970,0.232067511,0.698575949,0.886998945,0.973628692,1.000000000,1.000000000,1.000000000,1.000000000,1.000000000,1.000000000,1.000000000,1.000000000,1.000000000,0.946202532,0.753164557,0.591772152,0.763185654,0.970991561,1.000000000,1.000000000,1.000000000,1.000000000,0.958860759,0.765822785,0.484177215,0.595464135,0.875527426,1.000000000,1.000000000,1.000000000,1.000000000,1.000000000,1.000000000,1.000000000,0.939758043,0.778670556,0.468502769,0.613924051,0.645042194,0.649261603,0.726793249,0.952004219,0.873417722,0.712552743,0.577004219,0.544831224,0.657700422,0.649789030,0.648470464,0.856012658,0.968618143,0.881065401,0.705893987,0.545886076,0.578059072,0.529535865,0.587025316,0.700421941,0.668248945,0.636075949,0.561708861,0.511603376,0.539556962,0.507383966,0.623945148,0.784810127,0.890559072,0.745780591,0.601002110,0.541666667,0.541666667,0.541666667,14
1.000000000,1.000000000,0.975606540,0.924709916,0.840585443,0.903217300,0.941719409,0.949367089,0.957014768,0.983649789,1.000000000,1.000000000,1.000000000,0.954641350,0.916666667,0.916666667,0.916666667,0.956751055,1.000000000,1.000000000,1.000000000,1.000000000,0.990110759,0.942312764,0.820213608,0.801687764,0.887526371,0.818697257,0.749868143,0.671940928,0.590717300,0.804852321,0.936708861,1.000000000,1.000000000,1.000000000,1.000000000,0.996571730,0.981276371,0.939609705,0.909018987,0.893723629,0.878428270,0.898734177,0.929324895,0.958333333,0.958333333,0.947784810,0.932489451,0.917194093,0.872362869,0.826476793,0.828586498,0.981540084,1.000000000,1.000000000,0.997626582,0.982331224,0.967035865,0.971518987,0.997890295,0.967299578,0.979957806,0.957805907,0.835443038,0.713080169,0.799578059,0.942510549,0.881329114,0.957278481,0.983649789,0.942510549,0.850738397,0.907700422,0.944620253,0.914029536,0.883438819,0.919303797,0.958333333,0.958333333,18
0.375000000,0.395042194,0.354957806,0.344936709,0.351793249,0.516350211,0.409810127,0.362869198,0.852848101,0.500527426,0.426160338,0.585443038,0.440400844,0.351793249,0.631329114,0.607067511,0.400316456,0.537447257,0.542194093,0.330696203,0.501054852,0.579113924,0.323839662,0.183016878,0.402426160,0.456223629,0.297468354,0.571729958,0.529008439,0.132383966,0.561181435,0.558544304,0.188291139,0.364451477,0.550105485,0.376582278,0.331751055,0.597573840,0.226793249,0.416666667,0.285864979,0.320675105,0.104430380,0.542721519,0.581751055,0.161919831,0.405063291,0.638713080,0.252109705,0.364451477,0.579113924,0.433544304,0.438818565,0.629746835,0.480485232,0.251054852,0.394514768,0.333333333,0.214662447,0.390822785,0.422468354,0.283755274,0.485232068,0.718354430,0.372890295,0.522151899,0.676687764,0.448312236,0.407172996,0.557489451,0.485759494,0.384493671,0.469409283,0.520569620,0.195675105,0.063291139,0.543776371,0.310126582,0.215717300,0.666666667,18
0.291666667,0.594409283,0.432489451,0.336497890,0.343354430,0.251054852,0.399789030,0.584388186,0.451476793,0.365506329,0.302215190,0.363924051,0.417721519,0.350210970,0.247362869,0.243143460,0.430379747,0.762130802,0.562763713,0.314873418,0.300632911,0.441455696,0.588080169,0.607067511,0.361286920,0.177742616,0.471518987,0.590717300,0.522151899,0.156645570,0.179324895,0.175632911,0.328586498,0.261075949,0.198839662,0.200949367,0.250000000,0.249472574,0.233649789,0.333333333,0.200421941,0.325949367,0.208860759,0.250000000,0.215717300,0.282172996,0.201476793,0.213080169,0.259493671,0.202004219,0.477848101,0.196202532,0.021097046,0.400843882,0.182489451,0.171413502,0.094409283,0.360232068,0.250000000,0.241561181,0.311708861,0.196202532,0.683544304,0.333333333,0.320675105,0.306434599,0.177742616,0.566983122,0.299578059,0.152426160,0.343881857,0.493143460,0.591244726,0.435126582,0.496835443,0.271624473,0.276898734,0.375000000,0.422468354,0.541666667,14
0.500000000,0.458860759,0.481540084,0.383438819,0.407700422,0.448312236,0.406645570,0.500527426,0.430907173,0.364451477,0.465717300,0.291666667,0.507383966,0.308544304,0.456223629,0.412974684,0.642932489,0.449367089,0.592299578,0.321202532,0.534282700,0.334915612,0.472573840,0.283755274,0.568565401,0.360232068,0.015822785,0.367616034,0.191983122,0.486286920,0.291666667,0.613924051,0.672468354,0.233122363,0.351265823,0.302215190,0.540611814,0.316983122,0.436708861,0.265295359,0.351265823,0.335970464,0.083333333,0.336497890,0.388185654,0.466772152,0.392405063,0.380801688,0.486814346,0.317510549,0.367088608,0.443565401,0.446729958,0.392932489,0.543248945,0.332805907,0.454113924,0.350210970,0.532172996,0.325949367,0.524261603,0.364451477,0.561181435,0.259493671,0.424050633,0.256329114,0.092299578,0.479957806,0.408227848,0.558016878,0.327531646,0.116033755,0.619725738,0.493143460,0.789029536,0.398206751,0.576476793,0.179324895,0.166139241,0.583333333,26
0.208333333,0.750000000,0.291666667,0.833333333,0.208333333,0.833333333,0.541666667,0.250000000,0.875000000,0.250000000,0.791666667,0.541666667,0.291666667,0.791666667,0.250000000,0.791666667,0.562500000,0.333333333,0.708333333,0.520833333,0.333333333,0.875000000,0.250000000,0.791666667,1.000000000,0.604166667,0.208333333,0.916666667,0.291666667,0.625000000,0.875000000,0.541666667,0.208333333,0.958333333,0.291666667,0.791666667,1.000000000,0.593750000,0.166666667,0.708333333,0.979166667,0.614583333,0.250000000,0.833333333,0.125000000,0.916666667,0.291666667,0.875000000,0.208333333,0.875000000,0.291666667,0.875000000,0.166666667,0.833333333,0.250000000,0.708333333,0.208333333,0.791666667,0.291666667,0.708333333,0.500000000,0.291666667,0.750000000,0.125000000,0.791666667,1.000000000,1.000000000,0.713541667,0.291666667,0.750000000,1.000000000,0.520833333,0.041666667,0.750000000,0.166666667,0.916666667,0.125000000,0.833333333,0.291666667,0.875000000,10
0.916666667,0.176160338,0.816455696,0.753164557,0.196202532,0.166666667,0.705696203,0.977848101,1.000000000,1.000000000,0.984078323,0.746406909,0.425632911,0.357594937,0.337025316,0.130801688,0.548523207,0.372362869,0.709915612,0.358649789,0.612869198,0.872362869,0.706223629,0.418248945,0.652426160,0.335970464,0.684071730,0.546940928,0.548523207,0.745780591,0.636603376,0.339135021,0.555379747,0.912974684,0.572784810,0.574894515,0.685917722,0.418512658,0.572784810,0.601265823,0.580696203,0.711497890,0.527426160,0.587552743,0.496308017,0.142932489,0.184071730,0.360232068,0.722310127,0.961234177,0.883372890,0.529074367,0.406645570,0.770042194,0.928797468,1.000000000,1.000000000,1.000000000,1.000000000,0.957805907,0.672995781,0.290084388,0.735232068,0.858649789,0.800105485,0.213607595,0.652426160,0.715717300,0.338080169,0.566983122,0.218881857,0.606012658,0.420886076,0.250000000,0.252637131,0.308544304,0.609177215,0.228375527,0.997890295,0.833333333,18
0.916666667,0.989451477,0.937763713,0.968354430,0.897151899,0.868143460,0.989978903,0.948839662,0.876054852,0.946729958,0.927742616,0.866033755,0.793248945,0.823839662,0.939345992,0.858122363,0.712552743,0.779008439,0.851793249,0.899789030,0.877637131,0.804852321,0.758966245,0.791666667,0.791666667,0.791666667,0.850738397,0.850738397,0.814345992,0.832805907,0.908227848,0.871835443,0.835443038,0.867616034,0.904008439,0.916666667,0.907436709,0.889240506,0.867088608,0.838607595,0.911392405,0.984177215,0.772151899,0.805907173,0.827004219,0.771624473,0.879746835,0.708333333,0.708333333,0.675105485,0.638713080,0.715717300,0.826476793,0.899261603,0.944620253,0.875000000,0.875000000,0.776898734,0.667721519,0.647151899,0.683544304,0.685126582,0.656645570,0.828059072,0.646097046,0.657172996,0.801160338,0.831751055,0.857067511,0.936181435,0.834388186,0.585443038,0.731012658,0.718354430,0.866561181,0.873945148,0.744198312,0.613924051,0.410864979,0.083333333,14
0.291666667,0.654008439,0.732594937,0.216772152,0.705696203,0.545886076,0.220991561,0.556434599,0.498417722,0.305907173,0.569620253,0.359177215,0.137658228,0.664029536,0.561181435,0.318037975,0.525316456,0.448312236,0.159810127,0.592299578,0.492616034,0.210970464,0.558016878,0.439345992,0.221518987,0.700421941,0.458860759,0.292721519,0.437236287,0.344409283,0.203586498,0.575949367,0.719936709,0.332278481,0.805907173,0.636075949,0.421940928,0.590189873,0.400316456,0.262658228,0.584388186,0.392932489,0.316455696,0.526371308,0.468881857,0.378691983,0.561181435,0.420358650,0.342827004,0.535864979,0.379219409,0.354430380,0.587025316,0.420886076,0.293776371,0.433016878,0.369725738,0.203586498,0.671413502,0.378691983,0.282172996,0.462025316,0.168776371,0.844936709,0.975606540,0.455168776,0.569092827,0.310654008,0.460970464,0.361286920,0.052742616,0.210970464,0.464135021,0.137658228,0.462552743,0.536919831,0.088080169,0.372890295,0.348101266,0.166666667,2
0.500000000,0.761075949,0.924050633,1.000000000,1.000000000,1.000000000,0.996308017,0.981803797,0.967299578,0.969409283,0.998417722,1.000000000,1.000000000,1.000000000,1.000000000,1.000000000,1.000000000,1.000000000,1.000000000,1.000000000,1.000000000,0.948312236,0.943037975,1.000000000,1.000000000,1.000000000,0.995780591,0.966772152,0.978902954,1.000000000,1.000000000,1.000000000,1.000000000,1.000000000,1.000000000,1.000000000,1.000000000,1.000000000,1.000000000,1.000000000,1.000000000,1.000000000,0.969936709,0.882911392,0.875000000,0.875000000,0.878164557,0.965189873,1.000000000,1.000000000,1.000000000,0.936708861,0.858122363,0.800105485,0.841244726,0.899261603,0.957278481,0.872890295,0.896624473,0.996835443,0.967827004,0.977848101,0.993143460,0.964135021,0.981540084,1.000000000,1.000000000,0.976463608,0.904799578,0.799578059,0.944620253,1.000000000,0.981540084,0.880010549,0.691983122,0.532700422,0.503691983,0.778481013,0.958333333,0.958333333,16
0.041666667,0.413502110,0.389504219,0.431962025,0.436708861,0.316719409,0.519514768,0.315400844,0.603902954,0.451476793,0.453586498,0.445147679,0.328586498,0.291666667,0.873945148,0.291666667,0.470991561,0.659810127,0.747362869,0.976265823,0.262658228,0.496308017,0.310126582,0.522679325,0.536392405,0.325949367,0.724683544,0.466772152,0.446729958,0.369198312,0.434599156,0.427215190,0.320675105,0.373417722,0.304852321,0.411919831,0.236814346,0.587552743,0.827531646,0.990506329,0.788502110,0.806962025,0.762658228,0.596518987,0.862869198,0.982858650,0.691455696,0.398206751,0.468881857,0.439345992,0.451476793,0.395569620,0.341772152,0.604430380,1.000000000,0.793248945,0.543248945,0.419831224,0.460443038,0.940928270,0.969145570,0.646097046,0.468881857,0.422995781,0.573839662,0.411919831,0.739451477,0.414556962,0.654535865,0.495253165,0.387658228,0.544303797,0.429852321,0.602848101,0.415084388,0.459915612,0.469409283,0.409282700,0.510021097,0.416666667,12
0.791666667,0.926687764,0.984177215,1.000000000,1.000000000,1.000000000,1.000000000,1.000000000,1.000000000,1.000000000,0.975210970,0.776898734,0.390690928,0.560126582,0.676687764,0.438291139,0.775843882,0.405590717,0.582805907,0.701740506,0.516086498,0.333069620,0.316191983,0.299314346,0.273206751,0.334388186,0.574103376,0.455959916,0.337816456,0.579641350,0.697784810,0.348628692,0.753691983,0.577531646,0.658755274,0.643987342,0.422995781,0.659282700,0.830168776,0.949367089,1.000000000,1.000000000,1.000000000,1.000000000,1.000000000,1.000000000,0.942370451,0.742706685,0.310744660,0.627109705,0.601793249,0.522151899,0.773734177,0.925632911,0.960838608,0.986155063,0.992352321,0.975474684,0.958597046,0.925105485,0.941983122,0.975738397,1.000000000,1.000000000,1.000000000,1.000000000,1.000000000,1.000000000,0.972771624,0.723826477,0.408425633,0.507911392,0.770042194,0.847969409,0.569488397,0.291007384,0.540611814,0.601793249,0.402426160,0.875000000,16
0.291666667,0.602848101,0.831751055,0.968354430,0.999472574,1.000000000,0.987473629,0.960904536,0.918117089,0.976793249,1.000000000,1.000000000,1.000000000,1.000000000,1.000000000,1.000000000,1.000000000,1.000000000,1.000000000,1.000000000,1.000000000,1.000000000,1.000000000,0.852320675,0.229957806,0.585970464,0.809071730,0.860759494,0.985232068,1.000000000,0.995780591,0.972178270,0.886603376,0.740506329,0.584915612,0.452531646,0.421413502,0.495780591,0.589135021,0.666666667,0.666666667,0.640822785,0.762658228,1.000000000,1.000000000,1.000000000,1.000000000,1.000000000,1.000000000,1.000000000,1.000000000,0.995644614,0.958934929,0.785374637,0.543248945,0.335970464,0.771624473,0.934335443,0.985759494,1.000000000,1.000000000,1.000000000,1.000000000,0.997890295,0.966772152,0.981012658,1.000000000,0.986946203,0.730221519,0.418117089,0.335970464,0.673523207,0.875791139,0.969936709,1.000000000,1.000000000,1.000000000,0.862209916,0.617434731,0.291666667,14
0.333333333,0.889767932,0.254746835,0.340189873,0.222046414,0.210179325,0.281381857,0.738396624,0.279535865,0.859704641,0.810785865,0.442906118,0.123945148,0.075421941,0.518459916,0.398206751,0.284282700,0.480485232,0.227320675,0.459915612,0.405063291,0.679852321,0.255274262,0.324894515,0.291666667,0.351793249,0.313291139,0.281645570,0.815928270,0.347573840,0.634493671,0.449894515,0.658755274,0.326476793,0.697784810,0.583860759,0.214135021,0.616033755,0.381856540,0.392405063,0.558544304,0.407700422,0.568037975,0.378164557,0.551687764,0.399789030,0.684599156,0.878691983,0.973628692,0.931434599,0.676160338,0.954113924,0.906645570,0.922468354,0.913502110,0.943037975,0.767405063,0.318037975,0.833860759,0.440928270,0.597046414,0.495780591,0.437763713,0.787447257,0.350738397,0.220991561,0.410864979,0.263185654,0.433544304,0.424050633,0.717299578,0.353375527,0.695675105,0.256329114,0.626582278,0.898206751,0.486814346,0.689345992,0.875000000,0.416666667,22
0.541666667,0.541666667,0.333333333,0.083333333,0.583333333,0.416666667,0.041666667,0.666666667,0.375000000,0.416666667,0.583333333,0.250000000,0.041666667,0.708333333,0.375000000,0.166666667,0.500000000,0.791666667,0.625000000,0.666666667,0.666666667,0.708333333,0.500000000,0.833333333,0.666666667,0.750000000,0.666666667,0.875000000,0.541666667,0.604166667,0.666666667,0.583333333,0.875000000,0.666666667,0.708333333,0.750000000,0.541666667,0.875000000,0.625000000,0.520833333,0.416666667,0.208333333,0.500000000,0.833333333,0.541666667,0.875000000,1.000000000,0.895833333,0.666666667,0.583333333,0.812500000,1.000000000,0.703125000,0.375000000,0.166666667,0.583333333,0.708333333,0.500000000,0.395833333,0.291666667,0.250000000,0.500000000,0.916666667,1.000000000,0.906250000,0.666666667,0.708333333,0.666666667,0.583333333,0.791666667,0.458333333,0.791666667,0.500000000,0.458333333,0.708333333,0.625000000,0.500000000,0.625000000,0.458333333,0.875000000,4
0.625000000,0.900316456,1.000000000,1.000000000,1.000000000,1.000000000,0.983122363,0.952531646,0.921940928,0.967299578,0.971518987,0.919831224,0.950421941,0.981012658,0.994198312,0.978902954,0.963607595,0.958333333,0.967299578,0.997890295,1.000000000,0.982594937,0.964662447,0.995253165,1.000000000,0.970464135,0.912974684,0.882383966,0.851793249,0.881856540,1.000000000,1.000000000,0.938291139,0.875000000,0.875000000,0.933016878,0.958333333,0.958333333,0.958333333,0.984704641,1.000000000,1.000000000,1.000000000,1.000000000,0.987341772,0.955168776,0.893987342,0.896097046,0.936708861,0.997890295,0.955696203,0.909810127,0.845464135,0.723101266,0.896624473,0.984177215,0.963080169,0.993670886,1.000000000,1.000000000,1.000000000,1.000000000,0.913502110,0.875527426,0.997890295,1.000000000,0.976265823,0.926160338,0.842035865,0.888185654,0.949367089,0.984177215,0.892405063,0.924578059,0.972046414,1.000000000,1.000000000,1.000000000,1.000000000,1.000000000,0
0.250000000,0.093354430,0.105485232,0.208333333,0.416666667,0.416666667,0.481540084,0.187763713,0.510548523,0.847046414,0.843881857,0.771097046,0.620253165,0.500000000,0.273206751,0.415611814,0.827004219,0.796940928,0.675105485,0.315400844,0.419303797,0.366033755,0.166666667,0.338080169,0.554324895,0.680907173,0.576476793,0.332805907,0.424050633,0.400316456,0.257911392,0.645042194,0.233122363,0.068565401,0.218881857,0.369198312,0.430907173,0.526371308,0.396624473,0.588080169,0.703059072,0.761603376,0.705696203,0.361814346,0.283755274,0.750000000,0.669303797,0.625000000,0.643987342,0.665611814,0.788502110,0.764767932,0.805907173,0.631856540,0.555379747,0.464662447,0.220991561,0.630801688,0.526371308,0.304852321,0.487869198,0.865506329,0.697257384,0.860232068,0.590717300,0.329641350,0.522679325,0.222573840,0.387130802,0.485759494,0.284810127,0.371835443,0.236814346,0.513713080,0.371835443,0.455696203,0.465189873,0.626582278,0.188818565,0.041666667,0
0.208333333,0.296940928,0.190928270,0.456751055,0.460443038,0.464662447,0.233122363,0.660864979,0.448312236,0.386075949,0.623417722,0.547468354,0.410337553,0.241033755,0.450949367,0.318565401,0.352320675,0.377109705,0.353902954,0.328586498,0.373417722,0.488924051,0.364451477,0.242088608,0.375527426,0.291666667,0.198312236,0.204113924,0.404008439,0.266877637,0.261075949,0.358649789,0.359704641,0.192510549,0.273734177,0.635021097,0.413502110,0.281645570,0.533755274,0.749472574,0.258966245,0.426160338,0.166666667,0.377637131,0.349156118,0.330696203,0.475210970,0.829113924,0.716244726,0.215717300,0.334915612,0.256329114,0.715189873,0.688818565,0.381856540,0.303270042,0.674578059,0.530063291,0.065400844,0.421413502,0.041666667,0.250527426,0.375000000,0.679852321,0.322257384,0.573839662,0.201476793,0.166139241,0.433544304,0.511075949,0.261075949,0.369725738,0.495780591,0.382383966,0.342299578,0.539029536,0.474156118,0.379746835,0.405590717,0.583333333,2
0.375000000,0.660337553,0.525316456,0.833333333,0.763713080,0.390822785,0.553270042,0.819620253,0.565400844,0.340453586,0.362078059,0.531645570,0.702531646,0.594409283,0.497362869,0.387130802,0.535864979,0.585970464,0.456223629,0.807489451,0.483649789,0.300105485,0.152426160,0.816455696,0.233122363,0.680907173,0.523206751,0.338607595,0.528481013,0.371308017,0.722837553,0.830959916,0.746308017,0.251582278,0.540084388,0.401898734,0.511075949,0.357067511,0.263713080,0.453586498,0.431962025,0.639767932,0.495253165,0.472046414,0.597046414,0.199367089,0.135021097,0.493670886,0.309071730,0.501054852,0.504219409,0.148734177,0.937236287,0.958333333,0.956223629,0.912974684,0.890822785,1.000000000,1.000000000,1.000000000,0.849156118,0.511075949,0.735759494,0.962025316,1.000000000,0.845101530,0.435884757,0.480485232,0.599156118,0.404535865,0.662447257,0.427215190,0.647679325,0.550369198,0.226002110,0.555379747,0.329641350,0.407172996,0.256329114,0.250000000,8
0.083333333,0.628691983,0.622362869,0.394514768,0.303797468,0.231540084,0.341244726,0.393723629,0.280327004,0.848101266,1.000000000,0.746176160,0.325949367,0.757383966,0.473628692,0.683544304,0.469409283,0.706751055,0.434599156,0.703586498,0.360232068,0.638713080,0.985232068,0.682489451,0.354957806,0.684071730,0.380274262,0.468881857,0.552215190,0.821466245,0.798786920,0.604957806,0.263185654,0.208333333,0.495780591,0.179324895,0.331223629,0.383966245,0.175105485,0.428270042,0.405590717,0.608122363,0.761603376,0.446202532,0.749472574,0.256856540,0.709915612,0.732594937,0.697257384,0.470464135,0.243670886,0.557489451,0.578586498,0.304324895,0.226265823,0.681434599,0.509493671,0.281645570,0.776371308,0.176160338,0.261075949,0.324367089,0.476265823,0.829641350,0.972573840,1.000000000,0.734968354,0.238660338,0.213607595,0.411919831,0.366561181,0.296940928,0.319092827,0.363396624,0.185126582,0.328059072,0.233122363,0.783755274,0.460970464,0.666666667,4
0.812500000,0.782832278,0.753164557,0.290611814,0.540611814,0.765031646,0.943037975,0.744462025,0.368670886,0.480485232,0.482067511,0.360759494,0.434599156,0.433016878,0.527953586,0.351793249,0.494198312,0.309071730,0.398206751,0.217827004,0.455168776,0.809599156,0.944092827,0.923523207,0.949367089,0.988924051,0.700949367,0.285601266,0.319092827,0.325421941,0.368670886,0.452004219,0.380801688,0.334915612,0.222573840,0.507383966,0.272151899,0.433016878,0.845991561,0.992616034,0.715717300,0.766086498,0.825421941,0.901898734,0.868407173,0.809071730,0.763713080,0.853375527,0.845464135,0.899789030,1.000000000,1.000000000,1.000000000,0.993407173,0.973628692,0.967299578,1.000000000,1.000000000,1.000000000,0.998945148,0.919831224,0.992616034,0.713080169,0.329113924,0.471518987,0.305379747,0.482594937,0.827531646,0.958333333,0.895042194,0.833333333,0.816455696,0.865506329,1.000000000,0.789029536,0.251054852,0.621308017,0.808016878,0.583333333,0.583333333,16
0.291666667,0.469409283,0.569620253,0.391877637,0.463607595,0.688291139,0.318037975,0.560126582,0.572784810,0.479957806,0.485232068,0.657172996,0.517932489,0.377109705,0.488396624,0.501054852,0.364978903,0.594936709,0.550632911,0.339662447,0.400316456,0.385548523,0.230485232,0.444620253,0.577531646,0.392405063,0.553270042,0.534282700,0.146097046,0.335970464,0.706751055,0.551687764,0.251054852,0.139240506,0.350210970,0.316983122,0.413502110,0.322784810,0.295886076,0.350738397,0.322257384,0.297995781,0.399261603,0.342299578,0.597046414,0.338080169,0.089135021,0.488924051,0.565928270,0.296940928,0.465189873,0.460443038,0.351793249,0.427742616,0.463080169,0.398734177,0.383966245,0.484177215,0.423523207,0.404535865,0.533227848,0.322784810,0.215189873,0.400843882,0.373945148,0.171413502,0.443037975,0.423523207,0.341244726,0.501054852,0.507383966,0.351793249,0.463607595,0.515822785,0.450949367,0.469936709,0.558016878,0.196729958,0.519514768,0.541666667,6
0.166666667,0.211497890,0.371835443,0.361286920,0.404008439,0.299578059,0.542721519,0.453059072,0.343354430,0.418248945,0.662974684,0.321202532,0.310654008,0.375000000,0.188818565,0.315400844,0.313291139,0.766877637,0.221518987,0.238396624,0.301687764,0.474683544,0.281118143,0.442510549,0.389767932,0.411392405,0.313818565,0.458333333,0.469409283,0.514767932,0.554324895,0.382383966,0.357067511,0.156645570,0.321202532,0.361286920,0.377109705,0.333333333,0.393459916,0.301687764,0.333333333,0.243143460,0.366561181,0.304852321,0.368143460,0.309071730,0.380274262,0.322784810,0.348101266,0.405063291,0.420886076,0.369725738,0.334915612,0.314345992,0.454113924,0.382383966,0.481540084,0.329641350,0.337552743,0.426687764,0.387658228,0.318037975,0.566455696,0.584915612,0.375000000,0.344409283,0.021097046,0.276371308,0.463607595,0.206223629,0.347046414,0.799050633,0.344409283,0.513185654,0.265822785,0.166666667,0.273206751,0.330168776,0.265295359,0.416666667,6
0.583333333,0.466244726,0.676687764,0.573312236,0.479430380,0.401371308,0.245780591,0.468354430,0.698048523,0.678533755,0.636075949,0.583333333,0.463080169,0.149789030,0.515295359,0.939345992,0.588080169,0.660337553,0.738396624,0.517405063,0.733649789,0.693565401,0.700949367,0.659282700,0.643459916,0.621308017,0.618143460,0.724156118,0.486814346,0.501054852,0.142405063,0.659546414,0.483913502,0.308280591,0.291666667,0.455168776,0.680379747,0.612869198,0.640822785,0.597573840,0.617088608,0.631856540,0.543776371,0.638713080,0.530063291,0.747362869,0.507383966,0.582278481,0.543248945,0.728902954,0.610759494,0.422468354,0.729430380,0.498417722,0.121835443,0.389240506,0.503164557,0.224683544,0.345991561,0.597046414,0.699367089,0.552215190,0.870253165,0.811708861,0.753164557,0.417721519,0.683544304,0.939873418,1.000000000,1.000000000,1.000000000,1.000000000,1.000000000,1.000000000,1.000000000,1.000000000,1.000000000,1.000000000,1.000000000,1.000000000,4
0.916666667,0.977848101,0.951213080,0.866297468,0.759229958,0.875791139,0.950158228,0.973101266,0.996044304,1.000000000,1.000000000,0.995253165,0.949367089,0.903481013,0.909810127,0.998945148,0.937763713,0.936708861,0.949367089,0.918776371,0.930907173,0.946202532,0.952004219,0.921413502,0.761603376,0.755274262,0.924050633,0.985232068,0.860759494,0.810654008,0.959388186,0.989978903,1.000000000,0.992879747,0.969936709,0.874472574,0.743670886,0.672995781,0.887130802,0.929852321,0.945147679,0.956223629,0.940928270,0.925632911,0.922995781,0.938291139,0.953586498,0.958333333,0.958333333,0.958333333,0.987869198,1.000000000,1.000000000,1.000000000,1.000000000,1.000000000,0.990506329,0.929324895,0.965189873,0.980221519,0.934335443,0.888449367,0.939873418,1.000000000,1.000000000,1.000000000,1.000000000,0.992088608,0.961497890,0.958333333,0.950158228,0.934862869,0.919567511,0.941455696,0.972046414,0.995385021,0.941851266,0.877241561,0.811181435,0.750000000,4
0.333333333,0.687236287,0.644251055,0.435126582,0.286919831,0.608649789,0.811708861,0.938027426,0.940005274,0.678599684,0.394646624,0.476793249,0.666666667,0.666666667,0.666666667,0.521097046,0.534810127,0.715717300,0.506592827,0.297468354,0.522151899,0.934599156,0.998945148,1.000000000,0.831091772,0.550962553,0.281645570,0.603375527,0.821729958,0.949367089,1.000000000,1.000000000,1.000000000,1.000000000,1.000000000,1.000000000,1.000000000,1.000000000,0.985759494,0.963080169,0.995253165,1.000000000,1.000000000,0.940928270,0.715717300,0.179324895,0.410864979,0.821993671,0.902426160,0.982858650,1.000000000,1.000000000,1.000000000,1.000000000,1.000000000,1.000000000,1.000000000,1.000000000,1.000000000,1.000000000,0.972573840,0.925105485,0.989451477,0.778085443,0.503955696,0.402426160,0.852848101,0.966772152,1.000000000,1.000000000,0.995253165,0.922863924,0.813291139,0.826476793,0.906118143,0.616561181,0.327004219,0.436181435,0.698839662,0.666666667,2
0.916666667,0.721518987,0.526371308,0.803797468,0.688291139,0.482594937,0.377900844,0.319356540,0.250527426,0.172468354,0.094409283,0.218881857,0.554852321,0.281645570,0.122362869,0.726793249,0.297468354,0.099156118,0.262658228,0.324894515,0.088607595,0.531118143,0.513185654,0.197257384,0.363924051,0.405590717,0.071202532,0.149261603,0.341244726,0.784810127,0.720464135,0.469409283,0.742616034,0.484177215,0.564345992,0.517932489,0.680379747,0.503164557,0.635284810,0.751582278,0.644251055,0.583333333,0.569092827,0.622890295,0.797468354,0.641350211,0.503691983,0.533227848,0.220991561,0.732594937,0.513185654,0.619198312,0.814345992,0.955696203,1.000000000,1.000000000,1.000000000,1.000000000,1.000000000,1.000000000,1.000000000,1.000000000,1.000000000,1.000000000,1.000000000,1.000000000,1.000000000,0.918691901,0.677392372,0.240506329,0.255274262,0.416666667,0.324367089,0.271624473,0.480485232,0.776898734,0.983122363,1.000000000,1.000000000,1.000000000,2
1.000000000,1.000000000,1.000000000,1.000000000,1.000000000,1.000000000,0.965189873,0.917721519,0.875000000,0.875000000,0.899789030,0.931434599,0.958333333,0.958333333,0.958333333,0.941983122,0.910337553,0.878691983,0.930907173,0.976265823,0.952531646,0.762658228,0.868143460,0.955696203,0.983386076,0.928006329,0.825949367,0.854957806,0.916666667,0.915611814,0.883966245,0.852320675,0.757383966,0.599156118,0.789029536,0.784810127,0.821202532,0.954113924,0.922468354,0.916666667,0.916666667,0.922468354,0.954113924,0.985759494,0.947784810,0.897151899,0.992088608,1.000000000,0.985759494,0.957542194,0.917985232,0.947257384,0.937763713,0.927215190,0.957278481,0.893987342,0.875000000,0.887130802,0.920886076,0.984177215,0.964398734,0.916930380,0.871308017,0.839662447,0.883966245,0.947257384,0.973628692,0.815400844,0.818565401,0.850210970,0.888713080,0.952004219,0.901371308,0.911919831,0.966772152,0.998417722,1.000000000,1.000000000,1.000000000,1.000000000,16
1.000000000,1.000000000,1.000000000,1.000000000,1.000000000,1.000000000,1.000000000,1.000000000,1.000000000,1.000000000,1.000000000,1.000000000,1.000000000,1.000000000,1.000000000,1.000000000,1.000000000,1.000000000,1.000000000,1.000000000,1.000000000,1.000000000,1.000000000,1.000000000,1.000000000,1.000000000,1.000000000,1.000000000,1.000000000,1.000000000,0.978902954,0.917853376,0.770042194,0.857594937,0.949367089,1.000000000,1.000000000,1.000000000,0.952531646,0.864451477,0.802215190,0.739978903,0.754219409,0.838080169,0.869198312,0.900316456,0.946202532,0.964135021,0.699630802,0.360759494,0.408755274,0.880537975,0.927215190,0.973892405,0.972573840,0.922995781,0.985232068,0.762658228,0.504219409,0.346518987,0.502109705,0.657700422,0.585443038,0.223101266,0.440928270,0.522679325,0.578059072,0.661919831,0.568565401,0.619198312,0.728111814,0.816455696,0.318565401,0.426160338,0.666666667,0.666930380,0.682489451,0.698048523,0.708333333,0.708333333,10
0.083333333,0.503428270,0.773734177,0.889767932,1.000000000,0.949894515,0.230485232,0.533227848,0.849683544,0.596518987,0.406645570,0.665611814,0.916666667,0.861814346,0.524261603,0.344936709,0.720464135,0.572784810,0.524789030,0.800105485,0.852848101,0.430907173,0.252637131,0.522679325,0.311708861,0.298523207,0.706751055,0.716244726,0.412447257,0.639504219,0.449630802,0.513185654,0.606012658,0.489978903,0.529008439,0.513185654,0.582805907,0.489451477,0.756856540,0.684467300,0.336366034,0.404535865,0.403481013,0.457805907,0.550632911,0.339662447,0.565400844,0.890822785,0.730485232,0.350738397,0.551160338,0.481012658,0.580168776,0.400843882,0.506329114,0.392932489,0.468881857,0.571729958,0.889240506,0.439873418,0.629746835,0.396097046,0.618670886,0.309599156,0.680907173,0.414556962,0.646624473,0.690664557,0.669567511,0.375527426,0.296413502,0.778481013,0.985232068,0.663106540,0.235363924,0.524789030,0.982594937,0.959388186,0.258966245,0.750000000,14
0.833333333,0.601265823,0.848101266,0.549050633,0.263713080,0.788502110,0.604430380,0.772415612,0.597046414,0.301687764,0.380274262,0.535864979,0.392932489,0.495780591,0.889767932,0.532172996,0.301687764,0.462552743,0.463607595,0.162974684,0.577004219,0.553270042,0.624472574,0.649261603,0.397151899,0.302215190,0.436181435,0.335970464,0.543248945,0.411919831,0.227320675,0.435126582,0.354957806,0.561181435,0.408227848,0.359177215,0.576476793,0.314345992,0.369725738,0.345991561,0.329641350,0.742616034,0.768987342,0.625000000,0.511075949,0.245253165,0.287447257,0.566455696,0.546413502,0.654008439,0.479430380,0.501582278,0.294303797,0.700421941,0.560126582,0.660864979,0.738924051,0.731540084,0.417194093,0.177215190,0.522679325,0.283755274,0.343354430,0.773206751,0.632911392,0.924578059,0.556962025,0.512130802,0.136603376,0.001054852,0.446202532,0.583333333,0.559071730,0.623417722,0.748681435,0.454377637,0.429324895,0.218354430,0.448839662,0.791666667,0
1.000000000,0.957805907,0.916666667,0.905590717,0.643987342,0.986814346,0.797995781,0.812236287,0.187763713,0.341772152,0.114978903,0.304324895,0.156645570,0.408755274,0.769514768,0.698312236,0.808016878,0.699367089,0.533755274,0.303797468,0.989451477,0.925105485,0.856540084,0.892405063,0.845991561,0.914556962,0.986286920,0.901371308,0.806434599,0.833333333,0.833333333,0.800632911,0.479957806,0.274789030,0.613396624,0.782172996,0.875000000,0.933544304,0.959915612,0.916666667,0.853375527,0.726793249,0.644514768,0.670358650,0.685126582,0.714135021,0.750000000,0.700421941,0.362869198,0.347573840,0.300105485,0.289029536,0.223628692,0.306434599,0.517405063,0.264240506,0.302215190,0.705696203,0.710970464,0.479957806,0.258438819,0.240506329,0.478902954,0.707805907,0.851265823,0.909282700,0.881856540,0.839662447,0.402953586,0.660864979,0.800632911,0.906118143,0.916666667,0.839662447,0.774789030,0.711497890,0.708333333,0.220991561,0.455168776,0.250000000,2
0.250000000,0.693037975,0.637394515,0.508175105,0.594409283,0.618670886,0.526371308,0.558016878,0.484177215,0.742616034,0.391350211,0.551160338,0.651371308,0.688291139,0.725210970,0.665084388,0.532172996,0.843354430,0.400316456,0.653481013,0.407700422,0.595464135,0.894514768,1.000000000,1.000000000,0.975474684,0.822521097,0.448707806,0.517932489,0.672204641,0.838343882,0.955696203,1.000000000,1.000000000,1.000000000,0.997198049,0.801061445,0.429160074,0.724683544,0.638185654,0.527426160,0.543248945,0.381329114,0.666139241,0.296940928,0.691983122,0.939873418,0.784810127,0.445147679,0.424050633,0.635021097,0.542721519,0.480485232,0.738924051,0.962025316,1.000000000,0.883702532,0.654272152,0.647151899,0.747362869,0.464662447,0.689345992,0.357067511,0.744725738,0.449367089,0.613924051,0.853375527,0.890295359,0.768987342,0.379746835,0.659282700,0.400843882,0.773734177,0.704113924,0.648734177,0.799578059,0.972573840,1.000000000,1.000000000,1.000000000,12
0.500000000,0.263713080,0.533755274,0.263713080,0.375000000,0.672468354,0.208333333,0.340189873,0.304324895,0.458860759,0.164556962,0.451476793,0.304852321,0.395042194,0.291666667,0.520569620,0.253691983,0.543776371,0.220464135,0.477848101,0.534810127,0.213607595,0.364978903,0.349156118,0.495780591,0.372890295,0.335970464,0.293776371,0.391877637,0.304324895,0.470464135,0.275843882,0.440400844,0.291666667,0.237869198,0.277426160,0.302742616,0.765295359,0.213080169,0.419831224,0.324894515,0.275316456,0.158227848,0.405590717,0.187236287,0.369725738,0.790611814,0.410864979,0.284282700,0.368670886,0.210443038,0.302215190,0.248417722,0.352848101,0.295886076,0.254219409,0.216244726,0.284810127,0.853375527,0.265822785,0.423523207,0.208333333,0.338080169,0.253691983,0.416666667,0.324894515,0.478375527,0.066455696,0.312236287,0.329113924,0.360232068,0.252637131,0.337552743,0.342827004,0.383966245,0.304324895,0.310126582,0.253164557,0.551160338,0.916666667,0
0.291666667,0.219936709,0.640822785,0.547995781,0.331751055,0.489451477,0.665611814,0.820675105,0.668248945,0.708333333,0.446202532,0.180379747,0.726793249,0.686181435,0.598628692,0.117616034,0.495253165,0.337025316,0.347573840,0.820147679,0.767405063,0.996308017,0.521624473,0.164029536,0.491033755,0.676687764,0.630274262,0.650843882,0.660337553,0.811181435,0.824367089,0.616561181,0.503164557,0.541666667,0.427742616,0.560654008,0.777953586,0.871835443,0.660337553,0.232067511,0.058544304,0.041666667,0.041666667,0.193565401,0.556434599,0.424578059,0.261075949,0.519514768,0.693037975,0.275316456,0.477320675,0.881329114,0.235759494,0.107067511,0.489978903,0.712552743,0.690400844,0.343354430,0.916666667,0.849156118,0.485232068,0.212025316,0.639767932,0.591244726,0.050632911,0.518459916,0.764240506,0.396097046,0.101793249,0.707805907,0.296940928,0.348628692,0.472046414,0.207278481,0.545886076,0.625000000,0.750527426,0.761603376,0.700421941,0.458333333,8
0.750000000,0.968354430,0.836629747,0.580959916,0.622890295,0.822257384,0.895042194,0.906118143,0.505801688,0.356540084,0.241561181,0.334915612,0.396624473,0.271624473,0.178270042,0.535864979,0.845200422,0.977848101,1.000000000,1.000000000,1.000000000,0.942815467,0.770058676,0.560126582,0.742088608,0.645569620,0.418248945,0.260548523,0.398206751,0.638713080,0.691983122,0.756856540,0.356540084,0.813291139,0.829641350,0.578059072,0.610495781,0.824498945,0.742616034,0.650843882,0.432489451,0.652953586,0.907700422,0.918776371,0.791402954,0.670358650,0.657172996,0.991033755,0.836366034,0.665084388,0.513185654,0.367616034,0.570147679,0.752109705,0.277426160,0.418248945,0.454641350,0.719936709,0.613396624,0.376845992,0.334388186,0.388713080,0.322257384,0.942510549,0.396624473,0.590717300,0.559071730,0.413502110,0.529535865,0.877637131,0.982594937,0.873417722,0.764240506,0.623417722,0.688818565,0.876582278,1.000000000,1.000000000,1.000000000,1.000000000,0
0.875000000,0.960443038,1.000000000,1.000000000,1.000000000,1.000000000,1.000000000,1.000000000,1.000000000,1.000000000,1.000000000,1.000000000,0.991561181,0.963080169,0.958333333,0.958333333,0.958333333,0.958333333,0.958333333,0.958333333,0.846518987,0.732594937,0.632911392,0.775316456,0.892405063,0.981012658,0.995253165,1.000000000,1.000000000,1.000000000,1.000000000,1.000000000,1.000000000,1.000000000,0.929852321,0.730485232,0.847573840,0.955696203,0.998417722,1.000000000,1.000000000,1.000000000,1.000000000,1.000000000,1.000000000,1.000000000,1.000000000,0.984177215,0.898734177,0.875000000,0.893459916,0.964662447,0.990506329,1.000000000,1.000000000,0.992253428,0.944191719,0.839167985,0.940928270,1.000000000,1.000000000,1.000000000,1.000000000,1.000000000,1.000000000,1.000000000,1.000000000,1.000000000,1.000000000,1.000000000,1.000000000,1.000000000,1.000000000,1.000000000,1.000000000,1.000000000,1.000000000,1.000000000,1.000000000,1.000000000,6
0.541666667,0.861814346,0.383438819,0.391350211,0.299578059,0.313291139,0.678797468,0.889767932,0.912710970,0.954641350,0.335970464,0.584388186,0.916666667,0.890295359,0.815928270,0.791666667,0.843354430,0.694620253,0.727848101,0.865506329,0.254219409,0.400843882,0.320147679,0.402953586,0.357067511,0.444092827,0.752637131,0.905590717,0.255274262,0.554324895,0.299578059,0.459388186,0.258438819,0.345464135,0.263713080,0.378691983,0.416666667,0.385548523,0.445675105,0.220991561,0.337552743,0.404008439,0.481012658,0.724683544,0.356012658,0.681434599,0.684071730,0.351793249,0.363396624,0.896097046,0.677215190,0.826476793,0.780590717,0.734704641,0.708333333,0.660864979,0.541139241,0.306962025,0.213607595,0.248945148,0.368143460,0.791666667,0.756856540,0.476793249,0.246835443,0.624472574,0.833333333,0.866033755,0.875000000,0.833860759,0.738924051,0.625000000,0.649261603,0.790084388,0.834388186,0.477320675,0.320675105,0.698839662,0.866561181,0.875000000,12
0.250000000,0.787974684,0.238396624,0.330168776,0.383966245,0.291666667,0.430907173,0.417721519,0.845464135,0.439345992,0.727848101,0.300632911,0.376582278,0.364978903,0.748681435,0.646097046,0.465717300,0.330696203,0.393987342,0.115506329,0.008966245,0.500527426,0.841640295,0.616165612,0.486814346,0.641877637,0.594936709,0.246835443,0.840717300,0.808544304,0.686181435,0.530590717,0.321729958,0.406645570,0.266350211,0.057489451,0.622362869,0.359704641,0.223628692,0.505274262,0.623945148,0.343354430,0.301687764,0.415611814,0.474683544,0.863924051,0.816455696,0.655590717,0.342299578,0.661392405,0.268987342,0.936708861,0.515295359,0.736814346,0.288502110,0.345464135,0.316983122,0.720991561,0.548259494,0.339135021,0.326476793,0.397679325,0.566455696,0.910864979,0.464662447,0.223101266,0.567246835,0.898734177,0.845661920,0.495582806,0.686181435,0.976265823,0.998154008,0.904799578,0.677742616,0.342827004,0.274261603,0.351793249,0.303270042,0.250000000,4
0.625000000,0.525843882,0.597573840,0.640295359,0.492616034,0.590717300,0.531118143,0.427742616,0.598628692,0.530063291,0.397151899,0.449894515,0.457805907,0.401898734,0.413502110,0.405590717,0.403481013,0.454113924,0.278481013,0.411392405,0.539029536,0.361814346,0.498945148,0.549050633,0.419303797,0.488396624,0.482067511,0.320675105,0.501054852,0.337025316,0.463607595,0.532172996,0.298523207,0.406118143,0.591244726,0.414556962,0.443037975,0.484704641,0.273734177,0.536392405,0.590189873,0.357067511,0.622890295,0.506329114,0.362869198,0.757911392,0.556434599,0.452004219,0.698839662,0.246835443,0.513713080,0.599683544,0.296413502,0.439873418,0.550632911,0.377109705,0.478375527,0.531645570,0.297468354,0.614978903,0.511603376,0.445147679,0.766350211,0.391350211,0.425105485,0.718354430,0.390295359,0.539029536,0.665611814,0.386075949,0.420886076,0.431434599,0.379746835,0.477848101,0.416139241,0.416139241,0.619198312,0.396097046,0.334915612,0.541666667,10
0.833333333,0.378164557,0.505801688,0.485232068,0.248945148,0.618670886,0.529535865,0.394514768,0.502109705,0.583333333,0.368670886,0.501582278,0.573312236,0.649261603,0.421413502,0.677742616,0.420886076,0.473628692,0.598628692,0.446202532,0.636075949,0.656118143,0.518987342,0.691455696,0.444092827,0.504219409,0.523734177,0.489978903,0.780063291,0.443565401,0.658755274,0.639767932,0.302215190,0.666139241,0.383966245,0.494725738,0.634493671,0.547995781,0.676160338,0.496835443,0.446202532,0.558544304,0.416666667,0.395569620,0.469936709,0.454113924,0.599683544,0.246308017,0.473101266,0.537447257,0.391877637,0.738396624,0.469936709,0.706223629,0.665084388,0.408755274,0.660337553,0.585970464,0.487869198,0.453059072,0.465717300,0.566983122,0.309071730,0.397679325,0.636075949,0.379746835,0.649261603,0.521097046,0.455696203,0.651371308,0.343881857,0.465189873,0.498417722,0.388713080,0.753691983,0.451476793,0.518987342,0.511075949,0.446729958,0.625000000,12
0.333333333,0.560126582,0.451476793,0.489451477,0.377637131,0.390295359,0.527426160,0.950421941,0.286919831,0.551687764,0.304324895,0.458860759,0.034810127,0.248945148,0.084388186,0.681434599,0.348628692,0.307489451,0.529008439,0.479957806,0.196202532,0.018987342,0.199367089,0.491033755,0.069620253,0.268459916,0.390822785,0.208333333,0.168776371,0.324367089,0.253691983,0.373945148,0.242616034,0.666139241,0.425105485,0.154008439,0.082278481,0.593354430,0.315928270,0.526898734,0.428797468,0.306434599,0.602848101,0.332805907,0.421940928,0.289029536,0.492088608,0.174578059,0.320147679,0.375000000,0.563291139,0.454113924,0.323312236,0.540084388,0.094936709,0.347046414,0.262658228,0.393459916,0.006329114,0.369198312,0.345464135,0.426160338,0.151371308,0.134493671,0.109704641,0.207278481,0.389767932,0.382383966,0.147151899,0.000000000,0.000000000,0.300632911,0.041666667,0.065928270,0.532700422,0.250000000,0.475738397,0.201476793,0.309071730,0.708333333,10
0.291666667,0.690400844,0.920886076,1.000000000,1.000000000,1.000000000,1.000000000,1.000000000,0.925599947,0.770338871,0.451707542,0.591244726,0.681962025,0.311708861,0.629746835,0.832278481,0.604430380,0.376582278,0.414556962,0.784810127,0.931434599,1.000000000,1.000000000,1.000000000,1.000000000,1.000000000,1.000000000,1.000000000,0.970357002,0.824836828,0.515155261,0.368670886,0.795886076,0.886603376,0.900843882,0.915084388,0.967299578,1.000000000,1.000000000,1.000000000,1.000000000,1.000000000,1.000000000,1.000000000,1.000000000,1.000000000,1.000000000,1.000000000,1.000000000,1.000000000,1.000000000,1.000000000,1.000000000,1.000000000,1.000000000,1.000000000,1.000000000,1.000000000,1.000000000,1.000000000,1.000000000,1.000000000,0.932258703,0.795984968,0.519185127,0.542194093,0.689345992,0.575421941,0.461497890,0.443565401,0.728375527,0.891350211,0.983649789,0.997890295,1.000000000,1.000000000,1.000000000,1.000000000,1.000000000,1.000000000,18
0.333333333,0.475210970,0.486814346,0.386075949,0.401898734,0.755537975,0.844145570,0.297468354,0.511075949,0.418248945,0.323839662,0.493143460,0.206223629,0.086497890,0.234177215,0.680907173,0.688291139,0.179852321,0.428797468,0.052215190,0.059071730,0.037974684,0.488396624,0.108649789,0.418776371,0.333860759,0.411919831,0.384493671,0.363924051,0.558544304,0.373945148,0.271097046,0.901371308,0.678797468,0.333860759,0.396624473,0.527426160,0.432489451,0.204113924,0.419831224,0.390295359,0.613924051,0.408755274,0.060654008,0.635021097,0.217827004,0.654008439,0.026371308,0.154535865,0.454641350,0.388185654,0.280590717,0.691983122,0.362341772,0.309599156,0.815400844,0.228902954,0.245780591,0.497890295,0.450421941,0.177215190,0.553797468,0.229957806,0.409810127,0.369725738,0.223628692,0.328059072,0.619198312,0.742088608,0.277426160,0.398206751,0.345464135,0.121308017,0.398206751,0.474156118,0.234177215,0.323839662,0.207278481,0.333860759,0.416666667,2
0.750000000,0.731012658,0.165084388,0.439873418,0.345464135,0.499472574,0.340189873,0.469409283,0.307489451,0.534282700,0.258438819,0.325949367,0.268459916,0.484177215,0.493670886,0.343881857,0.513185654,0.204641350,0.215189873,0.607067511,0.368143460,0.534282700,0.525316456,0.538502110,0.130801688,0.417721519,0.224156118,0.426160338,0.234704641,0.497362869,0.308016878,0.494198312,0.256329114,0.358122363,0.340717300,0.328059072,0.444620253,0.350210970,0.559071730,0.315400844,0.790084388,0.534810127,0.769778481,0.599683544,0.710443038,0.234177215,0.402426160,0.680379747,0.366297468,0.530063291,0.256856540,0.465189873,0.613396624,0.457805907,0.314345992,0.199894515,0.333333333,0.306434599,0.213607595,0.332278481,0.698839662,0.347573840,0.367088608,0.307489451,0.183016878,0.096518987,0.968354430,0.426160338,0.744725738,0.185126582,0.434599156,0.208333333,0.429852321,0.284810127,0.487341772,0.314873418,0.465189873,0.324894515,0.321729958,0.291666667,10
0.333333333,0.623945148,0.578586498,0.484177215,0.389240506,0.555379747,0.530590717,0.256329114,0.528481013,0.431962025,0.400316456,0.703059072,0.387658228,0.552742616,0.570675105,0.330168776,0.403481013,0.464662447,0.457278481,0.444092827,0.629219409,0.687763713,0.439873418,0.375527426,0.501054852,0.776371308,0.497890295,0.511603376,0.649789030,0.473628692,0.245253165,0.565928270,0.452531646,0.016877637,0.505274262,0.414029536,0.272151899,0.051160338,0.318565401,0.651371308,0.372362869,0.424578059,0.910864979,0.270042194,0.364451477,0.337552743,0.350210970,0.278481013,0.292721519,0.299050633,0.310126582,0.250000000,0.228375527,0.158755274,0.764767932,0.584388186,0.258438819,0.289029536,0.089662447,0.193565401,0.213080169,0.612869198,0.635548523,0.353375527,0.447784810,0.328059072,0.101265823,0.041139241,0.258438819,0.079641350,0.260548523,0.194092827,0.206751055,0.506329114,0.414029536,0.118143460,0.621835443,0.267405063,0.303797468,0.458333333,14
0.333333333,0.224156118,0.361286920,0.151898734,0.482594937,0.259493671,0.445675105,0.591244726,0.516877637,0.483649789,0.526898734,0.515822785,0.223628692,0.230485232,0.515295359,0.310654008,0.401371308,0.471518987,0.298523207,0.271624473,0.329113924,0.418248945,0.313818565,0.394514768,0.316983122,0.047468354,0.219936709,0.200421941,0.379219409,0.366033755,0.372362869,0.194620253,0.490506329,0.455696203,0.377109705,0.357594937,0.495780591,0.174578059,0.454113924,0.689873418,0.301160338,0.413502110,0.579641350,0.483122363,0.235759494,0.668248945,0.513713080,0.228902954,0.528481013,0.674050633,0.333860759,0.293776371,0.752109705,0.361814346,0.328586498,0.543776371,0.646624473,0.229430380,0.587025316,0.666139241,0.376582278,0.371308017,0.258438819,0.324367089,0.278481013,0.359704641,0.308016878,0.572784810,0.499472574,0.233649789,0.543248945,0.672995781,0.339662447,0.369725738,0.858122363,0.449894515,0.381329114,0.613396624,0.481012658,0.166666667,8
0.208333333,0.587289030,0.889767932,0.647151899,0.435654008,0.762658228,0.355485232,0.584388186,0.213080169,0.662974684,0.963607595,0.907172996,0.390295359,0.756329114,0.874472574,0.331223629,0.466244726,0.378164557,0.646097046,1.000000000,1.000000000,0.995846519,0.965519515,0.722573840,0.376582278,0.732594937,0.902426160,0.830168776,0.450421941,0.330696203,0.415084388,0.339135021,0.676687764,0.840189873,0.881329114,0.963080169,0.907172996,0.886075949,0.895042194,0.957805907,1.000000000,1.000000000,0.933544304,0.489451477,0.282700422,0.612341772,0.840189873,0.825421941,0.437236287,0.337552743,0.258438819,0.301160338,0.676687764,0.889240506,0.973628692,1.000000000,1.000000000,1.000000000,0.479957806,0.509493671,0.709915612,0.782172996,0.301160338,0.399261603,0.188291139,0.364978903,0.207805907,0.449367089,0.248945148,0.390295359,0.195147679,0.316455696,0.181434599,0.436181435,0.926687764,0.958333333,0.958333333,0.958333333,0.258966245,0.625000000,0
1.000000000,1.000000000,0.983649789,0.954641350,0.925632911,0.956751055,0.985232068,0.927215190,0.916666667,0.900052743,0.856540084,0.813027426,0.865506329,0.998945148,0.984440928,0.969936709,0.964135021,0.993143460,0.994462025,0.982463080,0.960706751,0.932489451,0.903481013,0.876054852,0.934071730,0.958333333,0.958333333,0.958333333,0.937763713,0.900843882,0.842827004,0.906118143,0.969936709,0.998945148,1.000000000,1.000000000,1.000000000,1.000000000,1.000000000,1.000000000,1.000000000,1.000000000,1.000000000,1.000000000,1.000000000,1.000000000,1.000000000,1.000000000,1.000000000,1.000000000,1.000000000,1.000000000,0.974683544,0.887658228,0.936972574,0.945806962,0.866033755,0.786260549,0.813291139,0.919831224,0.948839662,0.977848101,0.996571730,0.982067511,0.967563291,0.968881857,0.997890295,1.000000000,1.000000000,0.998417722,0.969409283,0.940400844,0.924578059,0.968090717,0.989978903,1.000000000,1.000000000,1.000000000,1.000000000,1.000000000,10
0.458333333,0.648206751,0.827267932,0.946202532,0.969936709,0.993670886,0.675105485,0.495780591,0.684071730,0.858122363,0.957805907,1.000000000,1.000000000,1.000000000,1.000000000,1.000000000,1.000000000,1.000000000,1.000000000,1.000000000,0.976265823,0.881329114,0.963607595,1.000000000,1.000000000,1.000000000,1.000000000,1.000000000,1.000000000,1.000000000,1.000000000,1.000000000,1.000000000,1.000000000,1.000000000,0.975738397,0.687763713,0.225738397,0.668776371,0.672468354,0.577531646,0.482594937,0.387658228,0.320147679,0.326476793,0.360232068,0.296940928,0.465717300,0.446729958,0.378164557,0.536392405,0.358122363,0.415084388,0.604957806,0.793776371,0.920358650,0.980485232,1.000000000,1.000000000,1.000000000,1.000000000,0.948575949,0.802215190,0.446202532,0.552215190,0.789029536,1.000000000,1.000000000,1.000000000,1.000000000,1.000000000,1.000000000,1.000000000,1.000000000,1.000000000,1.000000000,1.000000000,0.959915612,0.916666667,0.916666667,14
0.416666667,0.293776371,0.453059072,0.254746835,0.406645570,0.994725738,0.921413502,0.945015823,0.554720464,0.255801688,0.646097046,0.820675105,0.873417722,0.262658228,0.735232068,0.587552743,0.266877637,0.324367089,0.358122363,0.623417722,0.750000000,0.805379747,0.911919831,0.779535865,0.547468354,0.202004219,0.554324895,0.814082278,0.919040084,0.866297468,0.896624473,1.000000000,0.953586498,0.811445148,0.780063291,0.875000000,0.912974684,0.919303797,0.875000000,0.854430380,0.907172996,0.989978903,0.980617089,0.938027426,0.939873418,0.982067511,0.951476793,0.916666667,0.941983122,0.906645570,0.795886076,0.911392405,0.945147679,0.832805907,0.449894515,0.349683544,0.818037975,0.879746835,0.955696203,0.346518987,0.283227848,0.108122363,0.401371308,0.865506329,0.823312236,0.380274262,0.361286920,0.127637131,0.262658228,0.182489451,0.498945148,0.167194093,0.466772152,0.923523207,0.255801688,0.406118143,0.256329114,0.371835443,0.128164557,0.416666667,4
0.750000000,0.469936709,0.539556962,0.628164557,0.379219409,0.772679325,0.956751055,1.000000000,1.000000000,1.000000000,0.896327795,0.718684072,0.510581487,0.736286920,0.909282700,1.000000000,1.000000000,1.000000000,1.000000000,1.000000000,1.000000000,1.000000000,1.000000000,0.970464135,0.845991561,0.945147679,1.000000000,1.000000000,1.000000000,1.000000000,0.949367089,0.799050633,0.425632911,0.617088608,0.799050633,0.892405063,0.985759494,1.000000000,1.000000000,1.000000000,1.000000000,1.000000000,1.000000000,1.000000000,1.000000000,1.000000000,1.000000000,1.000000000,1.000000000,1.000000000,1.000000000,1.000000000,1.000000000,1.000000000,1.000000000,1.000000000,1.000000000,1.000000000,1.000000000,1.000000000,1.000000000,0.976793249,0.970991561,1.000000000,1.000000000,1.000000000,0.987869198,0.959915612,0.991033755,0.534810127,0.148206751,0.206223629,0.143987342,0.146624473,0.316191983,0.732199367,0.911128692,0.984572785,1.000000000,1.000000000,16
0.333333333,0.673523207,0.574367089,0.683544304,0.648734177,0.340189873,0.264240506,0.332278481,0.441455696,0.810654008,0.473101266,0.447784810,0.599156118,0.598101266,0.384493671,0.640822785,0.469936709,0.638713080,0.607067511,0.483649789,0.618670886,0.361814346,0.799050633,0.409810127,0.675632911,0.532172996,0.429852321,0.683016878,0.271624473,0.811181435,0.301687764,0.409810127,0.390822785,0.410864979,0.667194093,0.433016878,0.702531646,0.306962025,0.527953586,0.524789030,0.501054852,0.604430380,0.290611814,0.702004219,0.287447257,0.656118143,0.386075949,0.504219409,0.675105485,0.353375527,0.771097046,0.333860759,0.558016878,0.304852321,0.785601266,0.683280591,0.315400844,0.562236287,0.404008439,0.357594937,0.838607595,0.835443038,0.455696203,0.558544304,0.245253165,0.687236287,0.347046414,0.473628692,0.425632911,0.473101266,0.686181435,0.274789030,0.817510549,0.242616034,0.328059072,0.420358650,0.549050633,0.705696203,0.976793249,1.000000000,20
0.333333333,0.614451477,0.291666667,0.294303797,0.455168776,0.303270042,0.281118143,0.268459916,0.681434599,0.444092827,0.531118143,0.732594937,0.303270042,0.431434599,0.654008439,0.633438819,0.263713080,0.858122363,0.398206751,0.310654008,0.550105485,0.429852321,0.309599156,0.645042194,0.544831224,0.755801688,0.315400844,0.487341772,0.127637131,0.527426160,0.193037975,0.331751055,0.265295359,0.345991561,0.133438819,0.274789030,0.186708861,0.577531646,0.422995781,0.358122363,0.433544304,0.412974684,0.297468354,0.516613924,0.375527426,0.689345992,0.200949367,0.292721519,0.210443038,0.283227848,0.125000000,0.712025316,0.232067511,0.306434599,0.148206751,0.353375527,0.239978903,0.399261603,0.120253165,0.652953586,0.382911392,0.388185654,0.775843882,0.387658228,0.355485232,0.567510549,0.362869198,0.853375527,0.962552743,0.639240506,0.579641350,0.235232068,0.410337553,0.723101266,0.910864979,0.434599156,0.559599156,0.216772152,0.353375527,0.583333333,0
0.208333333,0.709388186,0.456223629,0.524261603,0.661392405,0.395042194,0.703059072,0.964662447,1.000000000,0.857199367,0.437500000,0.595464135,0.991561181,0.421413502,0.556434599,0.520569620,0.584915612,0.616033755,0.345991561,0.634493671,0.343354430,0.571202532,0.570147679,0.366561181,0.685126582,0.329641350,0.497362869,0.480485232,0.495253165,0.603902954,0.239978903,0.616033755,0.310654008,0.833860759,0.628164557,0.596518987,0.281645570,0.840717300,0.937763713,0.721518987,0.648734177,0.408227848,0.705696203,0.708860759,0.218354430,0.334388186,0.387130802,0.486286920,0.354430380,0.247362869,0.303270042,0.477848101,0.528481013,0.268987342,0.526371308,0.110759494,0.687763713,0.900843882,0.534810127,0.545358650,0.266350211,0.440928270,0.059071730,0.414029536,0.447784810,0.581751055,0.242088608,0.734177215,0.235759494,0.486814346,0.429324895,0.322784810,0.584388186,0.751054852,0.722573840,0.407700422,0.876054852,0.720727848,0.308280591,0.708333333,10
0.458333333,0.200949367,0.519514768,0.415084388,0.364978903,0.196729958,0.503164557,0.325421941,0.399261603,0.396097046,0.444092827,0.293776371,0.458333333,0.727848101,0.399261603,0.479957806,0.321202532,0.291666667,0.050632911,0.304852321,0.448839662,0.232594937,0.498945148,0.558544304,0.159282700,0.595464135,0.291666667,0.599683544,0.446729958,0.300632911,0.417194093,0.177215190,0.395569620,0.327004219,0.331223629,0.064873418,0.637658228,0.202531646,0.361814346,0.301160338,0.265295359,0.429852321,0.152953586,0.484177215,0.181434599,0.437236287,0.216244726,0.406118143,0.151371308,0.529008439,0.235232068,0.631856540,0.452531646,0.204641350,0.366033755,0.304852321,0.413502110,0.008438819,0.410337553,0.291666667,0.458333333,0.192510549,0.457805907,0.185654008,0.396097046,0.446729958,0.384757384,0.183544304,0.495253165,0.259493671,0.541139241,0.321202532,0.543776371,0.430907173,0.455696203,0.159282700,0.283227848,0.317510549,0.583333333,0.541666667,10
0.958333333,0.558544304,0.845464135,0.589662447,0.625000000,0.614451477,0.621308017,0.604957806,0.298523207,0.314873418,0.520569620,0.616033755,0.645042194,0.535601266,0.293248945,0.493143460,0.752109705,0.648206751,0.530063291,0.420622363,0.792194093,0.809599156,0.491561181,0.702004219,0.431434599,0.266877637,0.228375527,0.633438819,0.704641350,0.700421941,0.703586498,0.702004219,0.610759494,0.779535865,0.646097046,0.316455696,0.147151899,0.416139241,0.881856540,0.591772152,0.330168776,0.227320675,0.495253165,0.713080169,0.484704641,0.326476793,0.457805907,0.620780591,0.606540084,0.597046414,0.680907173,0.631856540,0.587552743,0.541666667,0.541666667,0.476265823,0.736814346,0.459388186,0.338607595,0.827004219,0.322257384,0.082278481,0.558016878,0.845464135,0.626845992,0.862473629,0.742088608,0.601265823,0.592299578,0.543776371,0.340981013,0.275316456,0.250000000,0.453059072,0.775052743,0.746176160,0.603902954,0.508438819,0.836234177,0.854166667,10
0.500000000,0.699367089,0.526898734,0.538502110,0.704641350,0.339135021,0.627637131,0.732594937,0.575949367,0.358122363,0.657172996,0.811445148,0.753296414,0.612078059,0.534282700,0.700421941,0.898206751,0.772679325,0.506856540,0.348628692,0.647679325,0.900052743,0.990506329,1.000000000,0.994198312,0.960970464,0.683016878,0.383966245,0.372890295,0.745253165,0.977848101,0.736946203,0.435390295,0.421413502,0.765559072,0.582805907,0.400052743,0.481012658,0.713607595,0.918776371,0.935390295,0.952004219,0.978902954,1.000000000,1.000000000,1.000000000,1.000000000,0.884757384,0.629878692,0.323312236,0.655590717,0.806170886,0.922468354,1.000000000,1.000000000,1.000000000,0.972573840,0.929852321,0.880010549,0.808016878,0.409282700,0.602320675,0.805379747,0.905063291,1.000000000,1.000000000,1.000000000,1.000000000,1.000000000,0.997890295,0.931434599,0.916666667,0.899261603,0.897415612,0.979430380,0.996044304,0.984177215,0.900118671,0.816983122,0.916666667,4
0.375000000,0.603902954,0.697784810,0.492088608,0.577004219,0.611814346,0.217827004,0.393459916,0.796413502,0.376582278,0.722573840,0.211497890,0.527953586,0.424578059,0.793776371,0.608122363,0.334388186,0.301687764,0.206751055,0.734177215,0.449367089,0.301687764,0.564345992,0.591772152,0.342827004,0.680907173,0.574894515,0.764767932,0.291666667,0.453059072,0.050632911,0.591772152,0.644514768,0.228375527,0.447784810,0.343354430,0.306434599,0.523734177,0.275316456,0.547995781,0.661919831,0.210443038,0.302215190,0.309599156,0.773734177,0.208333333,0.356012658,0.188291139,0.168248945,0.082805907,0.350738397,0.338080169,0.417721519,0.246835443,0.164556962,0.706751055,0.143459916,0.317510549,0.378164557,0.435126582,0.736286920,0.224683544,0.218354430,0.530590717,0.207805907,0.716244726,0.363924051,0.502109705,0.774261603,0.512130802,0.298523207,0.713080169,0.435654008,0.359704641,0.591772152,0.310126582,0.283755274,0.400316456,0.520569620,0.250000000,22
0.458333333,0.383966245,0.515822785,0.720464135,0.798523207,0.619198312,0.202531646,0.420358650,0.360759494,0.147151899,0.094936709,0.532172996,0.374472574,0.419303797,0.506856540,0.063818565,0.594936709,0.370780591,0.369725738,0.564345992,0.023206751,0.395042194,0.265295359,0.525316456,0.768459916,0.531645570,0.922468354,0.630274262,0.429852321,0.229430380,0.534810127,0.894514768,0.618934599,0.670886076,0.750000000,0.606540084,0.392405063,0.415611814,0.732067511,0.795886076,0.466244726,0.331223629,0.497362869,0.380274262,0.492616034,0.639240506,0.670886076,0.391877637,0.502109705,0.852848101,0.488924051,0.097573840,0.130274262,0.422468354,0.656118143,0.691983122,0.290611814,0.389767932,0.510548523,0.341772152,0.583333333,0.479957806,0.523734177,0.550105485,0.299578059,0.089135021,0.526371308,0.666139241,0.502109705,0.051160338,0.605485232,0.755801688,0.639240506,0.892405063,0.136075949,0.950421941,0.785864979,0.434599156,0.200421941,0.416666667,6
0.791666667,0.791666667,0.585970464,0.364978903,0.333860759,0.302742616,0.552215190,0.785864979,0.630274262,0.474683544,0.592299578,0.805116034,0.851793249,0.898470464,0.859704641,0.833860759,0.989451477,1.000000000,1.000000000,1.000000000,1.000000000,1.000000000,1.000000000,1.000000000,1.000000000,0.848220761,0.554975936,0.359704641,0.857594937,0.834388186,0.622890295,0.435126582,0.730748945,0.918776371,1.000000000,1.000000000,1.000000000,0.997527690,0.950108782,0.890822785,0.984177215,0.974156118,0.943037975,0.902426160,0.809071730,0.892932489,0.914029536,0.820675105,0.727320675,0.683544304,0.723628692,0.848101266,0.972573840,1.000000000,1.000000000,1.000000000,1.000000000,1.000000000,1.000000000,1.000000000,1.000000000,1.000000000,1.000000000,1.000000000,1.000000000,1.000000000,0.975738397,0.919831224,0.982067511,1.000000000,1.000000000,0.998417722,0.951740506,0.775316456,0.547468354,0.339135021,0.681434599,0.538502110,0.260021097,0.166666667,10
0.625000000,0.213607595,0.612341772,0.147151899,0.717827004,0.901766878,0.990374473,0.987770306,0.846420095,0.703586498,0.592827004,0.100738397,0.271624473,0.672995781,0.931434599,0.873417722,0.383966245,0.547468354,0.378691983,0.260021097,0.354957806,0.453059072,0.266350211,0.356012658,0.284282700,0.379219409,0.249472574,0.290611814,0.311708861,0.423523207,0.339135021,0.539293249,0.758702532,0.832542194,0.588080169,0.411392405,0.799578059,0.919303797,0.794831224,0.667194093,0.540611814,0.652953586,0.866561181,0.929852321,0.633438819,0.422468354,0.555379747,0.352320675,0.318565401,0.339135021,0.634493671,0.940928270,0.451476793,0.166666667,0.223628692,0.308016878,0.510548523,0.733649789,0.944620253,0.704377637,0.303533755,0.594409283,0.822784810,0.970464135,0.932489451,0.950949367,0.331751055,0.597046414,0.917721519,0.994725738,1.000000000,1.000000000,1.000000000,0.961497890,0.880274262,0.795886076,0.871835443,0.956223629,0.999472574,1.000000000,8
0.291666667,0.766350211,0.776107595,0.570411392,0.393987342,0.773734177,0.550105485,0.463080169,0.841244726,0.920358650,0.974683544,0.994462025,0.971914557,0.888844937,0.940928270,0.987341772,1.000000000,1.000000000,1.000000000,1.000000000,1.000000000,1.000000000,1.000000000,0.891372874,0.650025959,0.256557803,0.747890295,0.958860759,1.000000000,1.000000000,1.000000000,1.000000000,0.987341772,0.959651899,0.975474684,0.991297468,1.000000000,1.000000000,1.000000000,1.000000000,1.000000000,0.997099156,0.981276371,0.965453586,0.679852321,0.372890295,0.720991561,0.880537975,0.965981013,1.000000000,1.000000000,1.000000000,1.000000000,1.000000000,0.995636373,0.733818730,0.439811610,0.444092827,0.887130802,0.444092827,0.546940928,0.804324895,1.000000000,1.000000000,1.000000000,0.984704641,0.868670886,0.330696203,0.518987342,0.734177215,0.860759494,0.987341772,1.000000000,1.000000000,0.930379747,0.669303797,0.303006329,0.547468354,0.838080169,0.458333333,12
0.208333333,0.332805907,0.471518987,0.445675105,0.361814346,0.327531646,0.552742616,0.445675105,0.318565401,0.213080169,0.417194093,0.447784810,0.517405063,0.320147679,0.342299578,0.381856540,0.546413502,0.169303797,0.210443038,0.412974684,0.296413502,0.380274262,0.477848101,0.470464135,0.352848101,0.227320675,0.341244726,0.452004219,0.390822785,0.236286920,0.359177215,0.533755274,0.475210970,0.277426160,0.263185654,0.377109705,0.487341772,0.401898734,0.277426160,0.266350211,0.472046414,0.500527426,0.295886076,0.308544304,0.331223629,0.403481013,0.363396624,0.260021097,0.224683544,0.390822785,0.478375527,0.275843882,0.174578059,0.328586498,0.356012658,0.335970464,0.553797468,0.343354430,0.217299578,0.189873418,0.343354430,0.368670886,0.324367089,0.143459916,0.225738397,0.291139241,0.346518987,0.232594937,0.193037975,0.434071730,0.538502110,0.367088608,0.275316456,0.280590717,0.362869198,0.391877637,0.303797468,0.214135021,0.389240506,0.583333333,10
0.958333333,0.540084388,0.506329114,0.243143460,0.488924051,0.448839662,0.267932489,0.386075949,0.833860759,0.492616034,0.464135021,0.650843882,0.805907173,0.375527426,0.498417722,0.258966245,0.574367089,0.411919831,0.585970464,0.214135021,0.418776371,0.504219409,0.546940928,0.546940928,0.866297468,0.652689873,0.343354430,0.352848101,0.672468354,0.425105485,0.264767932,0.261603376,0.345991561,0.255274262,0.519514768,0.277426160,0.275316456,0.637130802,0.335179325,0.722837553,0.554852321,0.333333333,0.184071730,0.551687764,0.468354430,0.470727848,0.247362869,0.271624473,0.598101266,0.455696203,0.343881857,0.639240506,0.248945148,0.322257384,0.251582278,0.287974684,0.533755274,0.400843882,0.845464135,0.023734177,0.178797468,0.305907173,0.219409283,0.464662447,0.516350211,0.409810127,0.733649789,0.433280591,0.614187764,0.559599156,0.423523207,0.403481013,0.578586498,0.208333333,0.374472574,0.697257384,0.405063291,0.288502110,0.429852321,0.375000000,8
0.291666667,0.361814346,0.415611814,0.276898734,0.287974684,0.502637131,0.510021097,0.462025316,0.465189873,0.420886076,0.334388186,0.229957806,0.495253165,0.441455696,0.042194093,0.073839662,0.463080169,0.282700422,0.214662447,0.444092827,0.465189873,0.220991561,0.156645570,0.436708861,0.535864979,0.172995781,0.336497890,0.055907173,0.566455696,0.718354430,0.353902954,0.310654008,0.592827004,0.508438819,0.271097046,0.351265823,0.322784810,0.313818565,0.750527426,0.414029536,0.444092827,0.186181435,0.404535865,0.481012658,0.310126582,0.187763713,0.440928270,0.551160338,0.728375527,0.444620253,0.204641350,0.267932489,0.609177215,0.388713080,0.544831224,0.365506329,0.337025316,0.508966245,0.572784810,0.023206751,0.093881857,0.449894515,0.359177215,0.435126582,0.302215190,0.259493671,0.598101266,0.506329114,0.219409283,0.417194093,0.660337553,0.337552743,0.167194093,0.274261603,0.392405063,0.530063291,0.487869198,0.995253165,0.517405063,0.458333333,8
0.958333333,0.958333333,0.988396624,0.951476793,0.925896624,0.943829114,0.937763713,0.832278481,0.796413502,0.791666667,0.892932489,0.938818565,0.875527426,0.767932489,0.670886076,0.742616034,0.782172996,0.870780591,0.916666667,0.916666667,0.916666667,0.904008439,0.760548523,0.683544304,0.694092827,0.751582278,0.823312236,0.854957806,0.783227848,0.711497890,0.879746835,0.945147679,0.935654008,0.916666667,0.861286920,0.718881857,0.790611814,0.685654008,0.696202532,0.470991561,0.470991561,0.720464135,0.768987342,0.873945148,0.802215190,0.791666667,0.841244726,0.875000000,0.809071730,0.681434599,0.751582278,0.787447257,0.854957806,0.926687764,0.978375527,0.957278481,0.900316456,0.986814346,0.807489451,0.824367089,0.833333333,0.770042194,0.708333333,0.717827004,0.757383966,0.829113924,0.867088608,0.875000000,0.808544304,0.733649789,0.729430380,0.796413502,0.832278481,0.763713080,0.633966245,0.699367089,0.809071730,0.833333333,0.844936709,0.916666667,6
0.541666667,0.401898734,0.434071730,0.505274262,0.478902954,0.494198312,0.396097046,0.301160338,0.389767932,0.339135021,0.360232068,0.395569620,0.900843882,0.816191983,0.150316456,0.486814346,0.793776371,0.378164557,0.468354430,0.508438819,0.366561181,0.505274262,0.382911392,0.310654008,0.395569620,0.518459916,0.378164557,0.494198312,0.419831224,0.326476793,0.337552743,0.415084388,0.197257384,0.416666667,0.420886076,0.432489451,0.428270042,0.283227848,0.697784810,0.875000000,0.632383966,0.733122363,0.200949367,0.416666667,0.391877637,0.889240506,0.351265823,0.446202532,0.373945148,0.398734177,0.463080169,0.448839662,0.333333333,0.693037975,0.232594937,0.433544304,0.255274262,0.216244726,0.245780591,0.223101266,0.350210970,0.347573840,0.864451477,0.125527426,0.013185654,0.180907173,0.459915612,0.333333333,0.441455696,0.272679325,0.283755274,0.777953586,0.448839662,0.426687764,0.687236287,0.406118143,0.419303797,0.463607595,0.482594937,0.166666667,8
0.958333333,0.825949367,0.522679325,0.229957806,0.907172996,0.157172996,0.691983122,0.693037975,0.134493671,0.613924051,0.978902954,0.928270042,0.895042194,0.791139241,0.815928270,0.739978903,0.842299578,0.916666667,0.840717300,0.790084388,0.875527426,0.960970464,0.860759494,0.677215190,0.397151899,0.329113924,0.539556962,0.653481013,0.282700422,0.400316456,0.468354430,0.523734177,0.744198312,0.687236287,0.702531646,0.708333333,0.822257384,0.716244726,0.588080169,0.747890295,0.747099156,0.512130802,0.315400844,0.666666667,0.671413502,0.714135021,0.750000000,0.742088608,0.717299578,0.790084388,0.883438819,0.743143460,0.466772152,0.196202532,0.348628692,0.260548523,0.118143460,0.480485232,0.543248945,0.372362869,0.345464135,0.419831224,0.666666667,0.691455696,0.837552743,0.970464135,0.944092827,0.974683544,0.308544304,0.352848101,0.747890295,0.800105485,0.860232068,0.945675105,0.230485232,0.462025316,0.230485232,0.485232068,0.906118143,0.833333333,18
0.416666667,0.226793249,0.414029536,0.550105485,0.448839662,0.583860759,0.593881857,0.479957806,0.486286920,0.401898734,0.928797468,0.382383966,0.648206751,0.825685654,0.893723629,0.941191983,0.982594937,1.000000000,1.000000000,0.973628692,0.850210970,0.584388186,0.327004219,0.213080169,0.244725738,0.675105485,0.878691983,0.853375527,0.758438819,0.529008439,0.533755274,1.000000000,0.986286920,0.904008439,0.752109705,0.075949367,0.607594937,0.584651899,0.375791139,0.450421941,0.640295359,0.769514768,0.898206751,0.966244726,1.000000000,1.000000000,1.000000000,1.000000000,0.993192906,0.914606408,0.708860759,0.713607595,0.911392405,1.000000000,1.000000000,0.993901635,0.947323312,0.839332806,0.958860759,0.858517932,0.716112869,0.393987342,0.356012658,0.621835443,0.819092827,0.905063291,1.000000000,0.994725738,0.918776371,0.547468354,0.300632911,0.663502110,0.652426160,0.430907173,0.296413502,0.220464135,0.255274262,0.470464135,0.366561181,0.708333333,2
0.458333333,0.677215190,0.645569620,0.276898734,0.618670886,0.375000000,0.188291139,0.333333333,0.292194093,0.311708861,0.602848101,0.266877637,0.292194093,0.348101266,0.683016878,0.543248945,0.559071730,0.337552743,0.270042194,0.554852321,0.441455696,0.670358650,0.391877637,0.300632911,0.332278481,0.263713080,0.296940928,0.781118143,0.550632911,0.704113924,0.358122363,0.291666667,0.278481013,0.275316456,0.404008439,0.655063291,0.270042194,0.259493671,0.390822785,0.551160338,0.604957806,0.357067511,0.295358650,0.274789030,0.543776371,0.421413502,0.620780591,0.661919831,0.386603376,0.803270042,0.653481013,0.521624473,0.727848101,0.494725738,0.618143460,0.786919831,0.530590717,0.543776371,0.744198312,0.468354430,0.552215190,0.786392405,0.431434599,0.580168776,0.570675105,0.785337553,0.220464135,0.543248945,0.234704641,0.602848101,0.422468354,0.192510549,0.202004219,0.696202532,0.609177215,0.387658228,0.691983122,0.291666667,0.262130802,0.250000000,24
